certificateOfSale,parcel,saleDate
,,
2022-C-000001,CERTIFIED,05/18/2023
2022-C-000002,CERTIFIED,05/18/2023
2022-C-000003,CERTIFIED,05/18/2023
2022-C-000004,CERTIFIED,05/18/2023
2022-C-000005,CERTIFIED,05/18/2023
2022-C-000006,CERTIFIED,05/18/2023
2022-C-000007,REDEEMED,
2022-C-000008,CERTIFIED,05/18/2023
2022-C-000009,REDEEMED,
2022-C-000010,CERTIFIED,05/18/2023
2022-C-000011,CERTIFIED,05/18/2023
2022-C-000012,CERTIFIED,05/18/2023
2022-C-000013,CERTIFIED,05/18/2023
2022-C-000014,CERTIFIED,05/18/2023
2022-C-000015,CERTIFIED,05/18/2023
2022-C-000016,CERTIFIED,05/18/2023
2022-C-000017,REDEEMED,
2022-C-000018,REDEEMED,
2022-C-000019,CERTIFIED,05/18/2023
2022-C-000020,CERTIFIED,05/18/2023
2022-C-000021,REDEEMED,
2022-C-000022,CERTIFIED,05/18/2023
2022-C-000023,REDEEMED,
2022-C-000024,REDEEMED,
2022-C-000025,REDEEMED,
2022-C-000026,CERTIFIED,05/18/2023
2022-C-000027,REDEEMED,
2022-C-000028,REDEEMED,
2022-C-000029,CERTIFIED,05/18/2023
2022-C-000030,CERTIFIED,05/18/2023
2022-C-000031,REDEEMED,
2022-C-000032,CERTIFIED,05/18/2023
2022-C-000033,REDEEMED,
2022-C-000034,REDEEMED,
2022-C-000035,CERTIFIED,05/18/2023
2022-C-000036,CERTIFIED,05/18/2023
2022-C-000037,CERTIFIED,05/18/2023
2022-C-000038,CERTIFIED,05/18/2023
2022-C-000039,REDEEMED,
2022-C-000040,REDEEMED,
2022-C-000041,REDEEMED,
2022-C-000042,REDEEMED,
2022-C-000043,CERTIFIED,05/18/2023
2022-C-000044,CERTIFIED,05/18/2023
2022-C-000045,CERTIFIED,05/18/2023
2022-C-000046,REDEEMED,
2022-C-000047,CERTIFIED,05/18/2023
2022-C-000048,CERTIFIED,05/18/2023
2022-C-000049,CERTIFIED,05/18/2023
2022-C-000050,REDEEMED,
2022-C-000051,REDEEMED,
2022-C-000052,CERTIFIED,05/18/2023
2022-C-000053,CERTIFIED,05/18/2023
2022-C-000054,CERTIFIED,05/18/2023
2022-C-000055,REDEEMED,
2022-C-000056,REDEEMED,
2022-C-000057,REDEEMED,
2022-C-000058,CERTIFIED,05/18/2023
2022-C-000059,CERTIFIED,05/18/2023
2022-C-000060,REDEEMED,
2022-C-000061,CERTIFIED,05/18/2023
2022-C-000062,CERTIFIED,05/18/2023
2022-C-000063,REDEEMED,
2022-C-000064,REDEEMED,
2022-C-000065,CERTIFIED,05/18/2023
2022-C-000066,CERTIFIED,05/18/2023
2022-C-000067,CERTIFIED,05/18/2023
2022-C-000068,REDEEMED,
2022-C-000069,CERTIFIED,05/18/2023
2022-C-000070,REDEEMED,
2022-C-000071,CERTIFIED,05/18/2023
2022-C-000072,CERTIFIED,05/18/2023
2022-C-000073,CERTIFIED,05/18/2023
2022-C-000074,CERTIFIED,05/18/2023
2022-C-000075,REDEEMED,
2022-C-000076,CERTIFIED,05/18/2023
2022-C-000077,CERTIFIED,05/18/2023
2022-C-000078,CERTIFIED,05/18/2023
2022-C-000079,CERTIFIED,05/18/2023
2022-C-000080,CERTIFIED,05/18/2023
2022-C-000081,CERTIFIED,05/18/2023
2022-C-000082,CERTIFIED,05/18/2023
2022-C-000083,CERTIFIED,05/18/2023
2022-C-000084,REDEEMED,
2022-C-000085,REDEEMED,
2022-C-000086,REDEEMED,
2022-C-000087,REDEEMED,
2022-C-000088,REDEEMED,
2022-C-000089,REDEEMED,
2022-C-000090,REDEEMED,
2022-C-000091,CERTIFIED,05/18/2023
2022-C-000092,CERTIFIED,05/18/2023
2022-C-000093,REDEEMED,
2022-C-000094,REDEEMED,
2022-C-000095,CERTIFIED,05/18/2023
2022-C-000096,CERTIFIED,05/18/2023
2022-C-000097,CERTIFIED,05/18/2023
2022-C-000098,CERTIFIED,05/18/2023
2022-C-000099,REDEEMED,
2022-C-000100,CERTIFIED,05/18/2023
2022-C-000101,CERTIFIED,05/18/2023
2022-C-000102,REDEEMED,
2022-C-000103,REDEEMED,
2022-C-000104,REDEEMED,
2022-C-000105,CERTIFIED,05/18/2023
2022-C-000106,CERTIFIED,05/18/2023
2022-C-000107,REDEEMED,
2022-C-000108,REDEEMED,
2022-C-000109,CERTIFIED,05/18/2023
2022-C-000110,CERTIFIED,05/18/2023
2022-C-000111,CERTIFIED,05/18/2023
2022-C-000112,CERTIFIED,05/18/2023
2022-C-000113,REDEEMED,
2022-C-000114,CERTIFIED,05/18/2023
2022-C-000115,REDEEMED,
2022-C-000116,CERTIFIED,05/18/2023
2022-C-000117,REDEEMED,
2022-C-000118,REDEEMED,
2022-C-000119,CERTIFIED,05/18/2023
2022-C-000120,CERTIFIED,05/18/2023
2022-C-000121,CERTIFIED,05/18/2023
2022-C-000122,CERTIFIED,05/18/2023
2022-C-000123,CERTIFIED,05/18/2023
2022-C-000124,REDEEMED,
2022-C-000125,CERTIFIED,05/18/2023
2022-C-000126,REDEEMED,
2022-C-000127,REDEEMED,
2022-C-000128,CERTIFIED,05/18/2023
2022-C-000129,CERTIFIED,05/18/2023
2022-C-000130,CERTIFIED,05/18/2023
2022-C-000131,REDEEMED,
2022-C-000132,CERTIFIED,05/18/2023
2022-C-000133,CERTIFIED,05/18/2023
2022-C-000134,CERTIFIED,05/18/2023
2022-C-000135,CERTIFIED,05/18/2023
2022-C-000136,REDEEMED,
2022-C-000137,REDEEMED,
2022-C-000138,CERTIFIED,05/18/2023
2022-C-000139,REDEEMED,
2022-C-000140,REDEEMED,
2022-C-000141,CERTIFIED,05/18/2023
2022-C-000142,REDEEMED,
2022-C-000143,REDEEMED,
2022-C-000144,CERTIFIED,05/18/2023
2022-C-000145,CERTIFIED,05/18/2023
2022-C-000146,REDEEMED,
2022-C-000147,CERTIFIED,05/18/2023
2022-C-000148,REDEEMED,
2022-C-000149,REDEEMED,
2022-C-000150,REDEEMED,
2022-C-000152,REDEEMED,
2022-C-000153,CERTIFIED,05/18/2023
2022-C-000154,REDEEMED,
2022-C-000155,REDEEMED,
2022-C-000156,REDEEMED,
2022-C-000157,REDEEMED,
2022-C-000158,CERTIFIED,05/18/2023
2022-C-000159,REDEEMED,
2022-C-000160,CERTIFIED,05/18/2023
2022-C-000161,REDEEMED,
2022-C-000162,CERTIFIED,05/18/2023
2022-C-000163,CERTIFIED,05/18/2023
2022-C-000164,CERTIFIED,05/18/2023
2022-C-000165,REDEEMED,
2022-C-000166,CERTIFIED,05/18/2023
2022-C-000167,CERTIFIED,05/18/2023
2022-C-000168,CERTIFIED,05/18/2023
2022-C-000169,CERTIFIED,05/18/2023
2022-C-000170,CERTIFIED,05/18/2023
2022-C-000171,CERTIFIED,05/18/2023
2022-C-000172,REDEEMED,
2022-C-000173,CERTIFIED,05/18/2023
2022-C-000174,REDEEMED,
2022-C-000175,REDEEMED,
2022-C-000176,CERTIFIED,05/18/2023
2022-C-000177,REDEEMED,
2022-C-000178,REDEEMED,
2022-C-000179,CERTIFIED,05/18/2023
2022-C-000180,REDEEMED,
2022-C-000181,REDEEMED,
2022-C-000182,CERTIFIED,05/18/2023
2022-C-000183,CERTIFIED,05/18/2023
2022-C-000184,CERTIFIED,05/18/2023
2022-C-000185,CERTIFIED,05/18/2023
2022-C-000186,CERTIFIED,05/18/2023
2022-C-000187,CERTIFIED,05/18/2023
2022-C-000188,CERTIFIED,05/18/2023
2022-C-000189,CERTIFIED,05/18/2023
2022-C-000190,CERTIFIED,05/18/2023
2022-C-000191,CERTIFIED,05/18/2023
2022-C-000192,REDEEMED,
2022-C-000193,REDEEMED,
2022-C-000194,REDEEMED,
2022-C-000195,CERTIFIED,05/18/2023
2022-C-000196,CERTIFIED,05/18/2023
2022-C-000197,CERTIFIED,05/18/2023
2022-C-000198,CERTIFIED,05/18/2023
2022-C-000199,CERTIFIED,05/18/2023
2022-C-000200,CERTIFIED,05/18/2023
2022-C-000201,CERTIFIED,05/18/2023
2022-C-000202,CERTIFIED,05/18/2023
2022-C-000203,CERTIFIED,05/18/2023
2022-C-000204,CERTIFIED,05/18/2023
2022-C-000205,REDEEMED,
2022-C-000206,REDEEMED,
2022-C-000207,CERTIFIED,05/18/2023
2022-C-000208,CERTIFIED,05/18/2023
2022-C-000209,CERTIFIED,05/18/2023
2022-C-000210,CERTIFIED,05/18/2023
2022-C-000211,CERTIFIED,05/18/2023
2022-C-000212,CERTIFIED,05/18/2023
2022-C-000213,CERTIFIED,05/18/2023
2022-C-000214,CERTIFIED,05/18/2023
2022-C-000215,CERTIFIED,05/18/2023
2022-C-000216,CERTIFIED,05/18/2023
2022-C-000217,CERTIFIED,05/18/2023
2022-C-000218,CERTIFIED,05/18/2023
2022-C-000219,CERTIFIED,05/18/2023
2022-C-000221,CERTIFIED,05/18/2023
2022-C-000222,CERTIFIED,05/18/2023
2022-C-000223,CERTIFIED,05/18/2023
2022-C-000224,CERTIFIED,05/18/2023
2022-C-000225,CERTIFIED,05/18/2023
2022-C-000226,REDEEMED,
2022-C-000227,CERTIFIED,05/18/2023
2022-C-000228,CERTIFIED,05/18/2023
2022-C-000229,REDEEMED,
2022-C-000230,REDEEMED,
2022-C-000231,REDEEMED,
2022-C-000232,CERTIFIED,05/18/2023
2022-C-000233,CERTIFIED,05/18/2023
2022-C-000234,CERTIFIED,05/18/2023
2022-C-000235,REDEEMED,
2022-C-000236,CERTIFIED,05/18/2023
2022-C-000237,CERTIFIED,05/18/2023
2022-C-000238,REDEEMED,
2022-C-000239,REDEEMED,
2022-C-000240,REDEEMED,
2022-C-000241,REDEEMED,
2022-C-000242,CERTIFIED,05/18/2023
2022-C-000243,REDEEMED,
2022-C-000244,CERTIFIED,05/18/2023
2022-C-000245,CERTIFIED,05/18/2023
2022-C-000246,CERTIFIED,05/18/2023
2022-C-000247,CERTIFIED,05/18/2023
2022-C-000248,CERTIFIED,05/18/2023
2022-C-000249,CERTIFIED,05/18/2023
2022-C-000250,REDEEMED,
2022-C-000251,CERTIFIED,05/18/2023
2022-C-000252,CERTIFIED,05/18/2023
2022-C-000253,CERTIFIED,05/18/2023
2022-C-000254,REDEEMED,
2022-C-000255,CERTIFIED,05/18/2023
2022-C-000256,CERTIFIED,05/18/2023
2022-C-000257,CERTIFIED,05/18/2023
2022-C-000258,CERTIFIED,05/18/2023
2022-C-000259,REDEEMED,
2022-C-000260,REDEEMED,
2022-C-000261,CERTIFIED,05/18/2023
2022-C-000262,REDEEMED,
2022-C-000263,REDEEMED,
2022-C-000264,REDEEMED,
2022-C-000265,CERTIFIED,05/18/2023
2022-C-000266,REDEEMED,
2022-C-000267,CERTIFIED,05/18/2023
2022-C-000268,CERTIFIED,05/18/2023
2022-C-000269,CERTIFIED,05/18/2023
2022-C-000270,CERTIFIED,05/18/2023
2022-C-000271,CERTIFIED,05/18/2023
2022-C-000272,CERTIFIED,05/18/2023
2022-C-000273,CERTIFIED,05/18/2023
2022-C-000274,CERTIFIED,05/18/2023
2022-C-000275,CERTIFIED,05/18/2023
2022-C-000276,REDEEMED,
2022-C-000277,REDEEMED,
2022-C-000278,CERTIFIED,05/18/2023
2022-C-000279,REDEEMED,
2022-C-000280,REDEEMED,
2022-C-000281,CERTIFIED,05/18/2023
2022-C-000282,CERTIFIED,05/18/2023
2022-C-000283,CERTIFIED,05/18/2023
2022-C-000284,CERTIFIED,05/18/2023
2022-C-000285,CERTIFIED,05/18/2023
2022-C-000286,CERTIFIED,05/18/2023
2022-C-000287,CERTIFIED,05/18/2023
2022-C-000288,CERTIFIED,05/18/2023
2022-C-000289,CERTIFIED,05/18/2023
2022-C-000290,REDEEMED,
2022-C-000291,CERTIFIED,05/18/2023
2022-C-000292,CERTIFIED,05/18/2023
2022-C-000293,CERTIFIED,05/18/2023
2022-C-000294,CERTIFIED,05/18/2023
2022-C-000295,REDEEMED,
2022-C-000296,REDEEMED,
2022-C-000297,REDEEMED,
2022-C-000298,REDEEMED,
2022-C-000299,REDEEMED,
2022-C-000300,CERTIFIED,05/18/2023
2022-C-000301,CERTIFIED,05/18/2023
2022-C-000302,REDEEMED,
2022-C-000303,CERTIFIED,05/18/2023
2022-C-000304,REDEEMED,
2022-C-000305,CERTIFIED,05/18/2023
2022-C-000306,CERTIFIED,05/18/2023
2022-C-000307,CERTIFIED,05/18/2023
2022-C-000308,CERTIFIED,05/18/2023
2022-C-000309,REDEEMED,
2022-C-000310,CERTIFIED,05/18/2023
2022-C-000311,REDEEMED,
2022-C-000312,REDEEMED,
2022-C-000313,REDEEMED,
2022-C-000314,REDEEMED,
2022-C-000315,CERTIFIED,05/18/2023
2022-C-000316,CERTIFIED,05/18/2023
2022-C-000317,CERTIFIED,05/18/2023
2022-C-000318,CERTIFIED,05/18/2023
2022-C-000319,CERTIFIED,05/18/2023
2022-C-000320,CERTIFIED,05/18/2023
2022-C-000321,REDEEMED,
2022-C-000322,CERTIFIED,05/18/2023
2022-C-000323,REDEEMED,
2022-C-000324,CERTIFIED,05/18/2023
2022-C-000325,REDEEMED,
2022-C-000326,REDEEMED,
2022-C-000327,REDEEMED,
2022-C-000328,REDEEMED,
2022-C-000329,REDEEMED,
2022-C-000330,CERTIFIED,05/18/2023
2022-C-000331,CERTIFIED,05/18/2023
2022-C-000332,CERTIFIED,05/18/2023
2022-C-000333,REDEEMED,
2022-C-000334,REDEEMED,
2022-C-000335,CERTIFIED,05/18/2023
2022-C-000336,CERTIFIED,05/18/2023
2022-C-000337,CERTIFIED,05/18/2023
2022-C-000338,CERTIFIED,05/18/2023
2022-C-000339,CERTIFIED,05/18/2023
2022-C-000340,CERTIFIED,05/18/2023
2022-C-000341,CERTIFIED,05/18/2023
2022-C-000342,CERTIFIED,05/18/2023
2022-C-000343,CERTIFIED,05/18/2023
2022-C-000344,CERTIFIED,05/18/2023
2022-C-000345,CERTIFIED,05/18/2023
2022-C-000346,REDEEMED,
2022-C-000347,REDEEMED,
2022-C-000348,REDEEMED,
2022-C-000349,CERTIFIED,05/18/2023
2022-C-000350,CERTIFIED,05/18/2023
2022-C-000351,REDEEMED,
2022-C-000352,CERTIFIED,05/18/2023
2022-C-000353,CERTIFIED,05/18/2023
2022-C-000354,CERTIFIED,05/18/2023
2022-C-000355,CERTIFIED,05/18/2023
2022-C-000356,CERTIFIED,05/18/2023
2022-C-000357,REDEEMED,
2022-C-000358,REDEEMED,
2022-C-000359,REDEEMED,
2022-C-000360,CERTIFIED,05/18/2023
2022-C-000361,CERTIFIED,05/18/2023
2022-C-000362,CERTIFIED,05/18/2023
2022-C-000363,CERTIFIED,05/18/2023
2022-C-000364,REDEEMED,
2022-C-000365,CERTIFIED,05/18/2023
2022-C-000366,CERTIFIED,05/18/2023
2022-C-000367,CERTIFIED,05/18/2023
2022-C-000368,CERTIFIED,05/18/2023
2022-C-000369,REDEEMED,
2022-C-000370,REDEEMED,
2022-C-000371,CERTIFIED,05/18/2023
2022-C-000372,CERTIFIED,05/18/2023
2022-C-000373,CERTIFIED,05/18/2023
2022-C-000374,CERTIFIED,05/18/2023
2022-C-000375,CERTIFIED,05/18/2023
2022-C-000376,REDEEMED,
2022-C-000377,CERTIFIED,05/18/2023
2022-C-000378,CERTIFIED,05/18/2023
2022-C-000379,CERTIFIED,05/18/2023
2022-C-000380,CERTIFIED,05/18/2023
2022-C-000381,REDEEMED,
2022-C-000382,REDEEMED,
2022-C-000383,CERTIFIED,05/18/2023
2022-C-000384,CERTIFIED,05/18/2023
2022-C-000385,CERTIFIED,05/18/2023
2022-C-000386,REDEEMED,
2022-C-000387,CERTIFIED,05/18/2023
2022-C-000388,REDEEMED,
2022-C-000389,CERTIFIED,05/18/2023
2022-C-000390,CERTIFIED,05/18/2023
2022-C-000391,CERTIFIED,05/18/2023
2022-C-000392,CERTIFIED,05/18/2023
2022-C-000393,CERTIFIED,05/18/2023
2022-C-000394,CERTIFIED,05/18/2023
2022-C-000395,CERTIFIED,05/18/2023
2022-C-000396,CERTIFIED,05/18/2023
2022-C-000397,CERTIFIED,05/18/2023
2022-C-000398,CERTIFIED,05/18/2023
2022-C-000399,CERTIFIED,05/18/2023
2022-C-000400,CERTIFIED,05/18/2023
2022-C-000401,CERTIFIED,05/18/2023
2022-C-000402,REDEEMED,
2022-C-000403,CERTIFIED,05/18/2023
2022-C-000404,CERTIFIED,05/18/2023
2022-C-000405,CERTIFIED,05/18/2023
2022-C-000406,CERTIFIED,05/18/2023
2022-C-000407,CERTIFIED,05/18/2023
2022-C-000408,CERTIFIED,05/18/2023
2022-C-000409,CERTIFIED,05/18/2023
2022-C-000410,CERTIFIED,05/18/2023
2022-C-000411,CERTIFIED,05/18/2023
2022-C-000412,CERTIFIED,05/18/2023
2022-C-000413,CERTIFIED,05/18/2023
2022-C-000414,CERTIFIED,05/18/2023
2022-C-000415,CERTIFIED,05/18/2023
2022-C-000416,CERTIFIED,05/18/2023
2022-C-000417,CERTIFIED,05/18/2023
2022-C-000418,CERTIFIED,05/18/2023
2022-C-000419,CERTIFIED,05/18/2023
2022-C-000420,CERTIFIED,05/18/2023
2022-C-000421,CERTIFIED,05/18/2023
2022-C-000422,CERTIFIED,05/18/2023
2022-C-000423,CERTIFIED,05/18/2023
2022-C-000424,CERTIFIED,05/18/2023
2022-C-000425,CERTIFIED,05/18/2023
2022-C-000426,CERTIFIED,05/18/2023
2022-C-000427,CERTIFIED,05/18/2023
2022-C-000428,CERTIFIED,05/18/2023
2022-C-000429,CERTIFIED,05/18/2023
2022-C-000430,CERTIFIED,05/18/2023
2022-C-000431,CERTIFIED,05/18/2023
2022-C-000432,CERTIFIED,05/18/2023
2022-C-000433,CERTIFIED,05/18/2023
2022-C-000434,CERTIFIED,05/18/2023
2022-C-000435,CERTIFIED,05/18/2023
2022-C-000436,CERTIFIED,05/18/2023
2022-C-000437,CERTIFIED,05/18/2023
2022-C-000438,CERTIFIED,05/18/2023
2022-C-000439,CERTIFIED,05/18/2023
2022-C-000440,CERTIFIED,05/18/2023
2022-C-000441,CERTIFIED,05/18/2023
2022-C-000442,CERTIFIED,05/18/2023
2022-C-000443,CERTIFIED,05/18/2023
2022-C-000444,CERTIFIED,05/18/2023
2022-C-000445,CERTIFIED,05/18/2023
2022-C-000446,CERTIFIED,05/18/2023
2022-C-000447,CERTIFIED,05/18/2023
2022-C-000448,CERTIFIED,05/18/2023
2022-C-000449,CERTIFIED,05/18/2023
2022-C-000450,CERTIFIED,05/18/2023
2022-C-000451,CERTIFIED,05/18/2023
2022-C-000452,CERTIFIED,05/18/2023
2022-C-000453,CERTIFIED,05/18/2023
2022-C-000454,CERTIFIED,05/18/2023
2022-C-000455,CERTIFIED,05/18/2023
2022-C-000456,CERTIFIED,05/18/2023
2022-C-000457,CERTIFIED,05/18/2023
2022-C-000458,CERTIFIED,05/18/2023
2022-C-000459,CERTIFIED,05/18/2023
2022-C-000460,CERTIFIED,05/18/2023
2022-C-000461,CERTIFIED,05/18/2023
2022-C-000462,CERTIFIED,05/18/2023
2022-C-000463,CERTIFIED,05/18/2023
2022-C-000464,CERTIFIED,05/18/2023
2022-C-000465,CERTIFIED,05/18/2023
2022-C-000466,CERTIFIED,05/18/2023
2022-C-000467,CERTIFIED,05/18/2023
2022-C-000468,CERTIFIED,05/18/2023
2022-C-000469,CERTIFIED,05/18/2023
2022-C-000470,CERTIFIED,05/18/2023
2022-C-000471,CERTIFIED,05/18/2023
2022-C-000472,CERTIFIED,05/18/2023
2022-C-000473,CERTIFIED,05/18/2023
2022-C-000474,CERTIFIED,05/18/2023
2022-C-000475,CERTIFIED,05/18/2023
2022-C-000476,CERTIFIED,05/18/2023
2022-C-000477,CERTIFIED,05/18/2023
2022-C-000478,CERTIFIED,05/18/2023
2022-C-000479,CERTIFIED,05/18/2023
2022-C-000480,CERTIFIED,05/18/2023
2022-C-000481,CERTIFIED,05/18/2023
2022-C-000482,CERTIFIED,05/18/2023
2022-C-000483,CERTIFIED,05/18/2023
2022-C-000484,CERTIFIED,05/18/2023
2022-C-000485,CERTIFIED,05/18/2023
2022-C-000486,CERTIFIED,05/18/2023
2022-C-000487,CERTIFIED,05/18/2023
2022-C-000488,CERTIFIED,05/18/2023
2022-C-000489,CERTIFIED,05/18/2023
2022-C-000490,CERTIFIED,05/18/2023
2022-C-000491,CERTIFIED,05/18/2023
2022-C-000492,CERTIFIED,05/18/2023
2022-C-000493,CERTIFIED,05/18/2023
2022-C-000494,CERTIFIED,05/18/2023
2022-C-000495,CERTIFIED,05/18/2023
2022-C-000496,CERTIFIED,05/18/2023
2022-C-000497,CERTIFIED,05/18/2023
2022-C-000498,CERTIFIED,05/18/2023
2022-C-000499,CERTIFIED,05/18/2023
2022-C-000500,CERTIFIED,05/18/2023
2022-C-000501,CERTIFIED,05/18/2023
2022-C-000502,CERTIFIED,05/18/2023
2022-C-000503,CERTIFIED,05/18/2023
2022-C-000504,CERTIFIED,05/18/2023
2022-C-000505,CERTIFIED,05/18/2023
2022-C-000506,CERTIFIED,05/18/2023
2022-C-000507,CERTIFIED,05/18/2023
2022-C-000508,CERTIFIED,05/18/2023
2022-C-000509,CERTIFIED,05/18/2023
2022-C-000510,CERTIFIED,05/18/2023
2022-C-000511,CERTIFIED,05/18/2023
2022-C-000512,CERTIFIED,05/18/2023
2022-C-000513,CERTIFIED,05/18/2023
2022-C-000514,CERTIFIED,05/18/2023
2022-C-000515,CERTIFIED,05/18/2023
2022-C-000516,CERTIFIED,05/18/2023
2022-C-000517,CERTIFIED,05/18/2023
2022-C-000518,CERTIFIED,05/18/2023
2022-C-000519,CERTIFIED,05/18/2023
2022-C-000520,CERTIFIED,05/18/2023
2022-C-000521,CERTIFIED,05/18/2023
2022-C-000522,CERTIFIED,05/18/2023
2022-C-000523,CERTIFIED,05/18/2023
2022-C-000524,CERTIFIED,05/18/2023
2022-C-000525,CERTIFIED,05/18/2023
2022-C-000526,CERTIFIED,05/18/2023
2022-C-000527,CERTIFIED,05/18/2023
2022-C-000528,CERTIFIED,05/18/2023
2022-C-000529,CERTIFIED,05/18/2023
2022-C-000530,CERTIFIED,05/18/2023
2022-C-000531,CERTIFIED,05/18/2023
2022-C-000532,CERTIFIED,05/18/2023
2022-C-000533,CERTIFIED,05/18/2023
2022-C-000534,CERTIFIED,05/18/2023
2022-C-000535,CERTIFIED,05/18/2023
2022-C-000536,CERTIFIED,05/18/2023
2022-C-000537,CERTIFIED,05/18/2023
2022-C-000538,CERTIFIED,05/18/2023
2022-C-000539,CERTIFIED,05/18/2023
2022-C-000540,CERTIFIED,05/18/2023
2022-C-000541,CERTIFIED,05/18/2023
2022-C-000542,CERTIFIED,05/18/2023
2022-C-000543,CERTIFIED,05/18/2023
2022-C-000544,CERTIFIED,05/18/2023
2022-C-000545,CERTIFIED,05/18/2023
2022-C-000546,CERTIFIED,05/18/2023
2022-C-000547,CERTIFIED,05/18/2023
2022-C-000548,CERTIFIED,05/18/2023
2022-C-000549,CERTIFIED,05/18/2023
2022-C-000551,CERTIFIED,05/18/2023
2022-C-000552,CERTIFIED,05/18/2023
2022-C-000553,CERTIFIED,05/18/2023
2022-C-000554,CERTIFIED,05/18/2023
2022-C-000555,CERTIFIED,05/18/2023
2022-C-000556,CERTIFIED,05/18/2023
2022-C-000558,CERTIFIED,05/18/2023
2022-C-000559,CERTIFIED,05/18/2023
2022-C-000560,REDEEMED,
2022-C-000561,REDEEMED,
2022-C-000562,CERTIFIED,05/18/2023
2022-C-000563,CERTIFIED,05/18/2023
2022-C-000564,CERTIFIED,05/18/2023
2022-C-000565,REDEEMED,
2022-C-000566,CERTIFIED,05/18/2023
2022-C-000567,REDEEMED,
2022-C-000568,CERTIFIED,05/18/2023
2022-C-000569,CERTIFIED,05/18/2023
2022-C-000570,CERTIFIED,05/18/2023
2022-C-000571,REDEEMED,
2022-C-000572,CERTIFIED,05/18/2023
2022-C-000573,REDEEMED,
2022-C-000574,REDEEMED,
2022-C-000575,CERTIFIED,05/18/2023
2022-C-000576,CERTIFIED,05/18/2023
2022-C-000577,CERTIFIED,05/18/2023
2022-C-000578,CERTIFIED,05/18/2023
2022-C-000579,CERTIFIED,05/18/2023
2022-C-000580,CERTIFIED,05/18/2023
2022-C-000581,CERTIFIED,05/18/2023
2022-C-000582,CERTIFIED,05/18/2023
2022-C-000583,CERTIFIED,05/18/2023
2022-C-000584,CERTIFIED,05/18/2023
2022-C-000585,CERTIFIED,05/18/2023
2022-C-000586,CERTIFIED,05/18/2023
2022-C-000587,CERTIFIED,05/18/2023
2022-C-000588,CERTIFIED,05/18/2023
2022-C-000589,REDEEMED,
2022-C-000590,CERTIFIED,05/18/2023
2022-C-000591,CERTIFIED,05/18/2023
2022-C-000592,CERTIFIED,05/18/2023
2022-C-000593,REDEEMED,
2022-C-000594,REDEEMED,
2022-C-000595,REDEEMED,
2022-C-000596,CERTIFIED,05/18/2023
2022-C-000597,CERTIFIED,05/18/2023
2022-C-000598,CERTIFIED,05/18/2023
2022-C-000599,REDEEMED,
2022-C-000600,CERTIFIED,05/18/2023
2022-C-000601,CERTIFIED,05/18/2023
2022-C-000602,CERTIFIED,05/18/2023
2022-C-000603,CERTIFIED,05/18/2023
2022-C-000604,CERTIFIED,05/18/2023
2022-C-000605,CERTIFIED,05/18/2023
2022-C-000606,CERTIFIED,05/18/2023
2022-C-000607,CERTIFIED,05/18/2023
2022-C-000608,REDEEMED,
2022-C-000609,REDEEMED,
2022-C-000610,CERTIFIED,05/18/2023
2022-C-000611,CERTIFIED,05/18/2023
2022-C-000612,CERTIFIED,05/18/2023
2022-C-000613,CERTIFIED,05/18/2023
2022-C-000614,CERTIFIED,05/18/2023
2022-C-000615,CERTIFIED,05/18/2023
2022-C-000616,CERTIFIED,05/18/2023
2022-C-000617,CERTIFIED,05/18/2023
2022-C-000618,CERTIFIED,05/18/2023
2022-C-000619,CERTIFIED,05/18/2023
2022-C-000620,REDEEMED,
2022-C-000621,REDEEMED,
2022-C-000622,CERTIFIED,05/18/2023
2022-C-000623,CERTIFIED,05/18/2023
2022-C-000624,CERTIFIED,05/18/2023
2022-C-000625,CERTIFIED,05/18/2023
2022-C-000626,REDEEMED,
2022-C-000627,CERTIFIED,05/18/2023
2022-C-000628,CERTIFIED,05/18/2023
2022-C-000629,CERTIFIED,05/18/2023
2022-C-000630,CERTIFIED,05/18/2023
2022-C-000631,CERTIFIED,05/18/2023
2022-C-000632,CERTIFIED,05/18/2023
2022-C-000633,CERTIFIED,05/18/2023
2022-C-000634,CERTIFIED,05/18/2023
2022-C-000635,CERTIFIED,05/18/2023
2022-C-000636,CERTIFIED,05/18/2023
2022-C-000637,CERTIFIED,05/18/2023
2022-C-000638,CERTIFIED,05/18/2023
2022-C-000641,REDEEMED,
2022-C-000642,CERTIFIED,05/18/2023
2022-C-000643,CERTIFIED,05/18/2023
2022-C-000644,CERTIFIED,05/18/2023
2022-C-000645,REDEEMED,
2022-C-000646,CERTIFIED,05/18/2023
2022-C-000647,REDEEMED,
2022-C-000648,REDEEMED,
2022-C-000649,REDEEMED,
2022-C-000650,CERTIFIED,05/18/2023
2022-C-000651,CERTIFIED,05/18/2023
2022-C-000652,CERTIFIED,05/18/2023
2022-C-000653,CERTIFIED,05/18/2023
2022-C-000654,REDEEMED,
2022-C-000655,CERTIFIED,05/18/2023
2022-C-000656,CERTIFIED,05/18/2023
2022-C-000657,CERTIFIED,05/18/2023
2022-C-000658,CERTIFIED,05/18/2023
2022-C-000659,REDEEMED,
2022-C-000660,REDEEMED,
2022-C-000661,CERTIFIED,05/18/2023
2022-C-000662,REDEEMED,
2022-C-000663,CERTIFIED,05/18/2023
2022-C-000664,REDEEMED,
2022-C-000665,REDEEMED,
2022-C-000666,REDEEMED,
2022-C-000667,CERTIFIED,05/18/2023
2022-C-000668,CERTIFIED,05/18/2023
2022-C-000669,REDEEMED,
2022-C-000670,CERTIFIED,05/18/2023
2022-C-000671,CERTIFIED,05/18/2023
2022-C-000672,CERTIFIED,05/18/2023
2022-C-000673,CERTIFIED,05/18/2023
2022-C-000674,CERTIFIED,05/18/2023
2022-C-000675,CERTIFIED,05/18/2023
2022-C-000676,CERTIFIED,05/18/2023
2022-C-000677,CERTIFIED,05/18/2023
2022-C-000678,REDEEMED,
2022-C-000679,REDEEMED,
2022-C-000680,REDEEMED,
2022-C-000681,CERTIFIED,05/18/2023
2022-C-000682,CERTIFIED,05/18/2023
2022-C-000683,CERTIFIED,05/18/2023
2022-C-000684,CERTIFIED,05/18/2023
2022-C-000685,CERTIFIED,05/18/2023
2022-C-000686,CERTIFIED,05/18/2023
2022-C-000687,CERTIFIED,05/18/2023
2022-C-000688,CERTIFIED,05/18/2023
2022-C-000689,CERTIFIED,05/18/2023
2022-C-000690,CERTIFIED,05/18/2023
2022-C-000691,REDEEMED,
2022-C-000692,REDEEMED,
2022-C-000693,REDEEMED,
2022-C-000694,CERTIFIED,05/18/2023
2022-C-000695,CERTIFIED,05/18/2023
2022-C-000696,CERTIFIED,05/18/2023
2022-C-000697,CERTIFIED,05/18/2023
2022-C-000698,CERTIFIED,05/18/2023
2022-C-000699,CERTIFIED,05/18/2023
2022-C-000700,REDEEMED,
2022-C-000701,CERTIFIED,05/18/2023
2022-C-000702,CERTIFIED,05/18/2023
2022-C-000703,CERTIFIED,05/18/2023
2022-C-000704,CERTIFIED,05/18/2023
2022-C-000705,CERTIFIED,05/18/2023
2022-C-000706,CERTIFIED,05/18/2023
2022-C-000707,CERTIFIED,05/18/2023
2022-C-000708,CERTIFIED,05/18/2023
2022-C-000709,CERTIFIED,05/18/2023
2022-C-000710,CERTIFIED,05/18/2023
2022-C-000711,CERTIFIED,05/18/2023
2022-C-000712,REDEEMED,
2022-C-000713,CERTIFIED,05/18/2023
2022-C-000714,CERTIFIED,05/18/2023
2022-C-000715,CERTIFIED,05/18/2023
2022-C-000716,CERTIFIED,05/18/2023
2022-C-000717,CERTIFIED,05/18/2023
2022-C-000718,CERTIFIED,05/18/2023
2022-C-000719,CERTIFIED,05/18/2023
2022-C-000720,CERTIFIED,05/18/2023
2022-C-000721,CERTIFIED,05/18/2023
2022-C-000722,CERTIFIED,05/18/2023
2022-C-000723,CERTIFIED,05/18/2023
2022-C-000724,CERTIFIED,05/18/2023
2022-C-000725,CERTIFIED,05/18/2023
2022-C-000726,CERTIFIED,05/18/2023
2022-C-000727,CERTIFIED,05/18/2023
2022-C-000728,CERTIFIED,05/18/2023
2022-C-000729,REDEEMED,
2022-C-000730,CERTIFIED,05/18/2023
2022-C-000731,CERTIFIED,05/18/2023
2022-C-000732,REDEEMED,
2022-C-000733,CERTIFIED,05/18/2023
2022-C-000734,CERTIFIED,05/18/2023
2022-C-000735,REDEEMED,
2022-C-000736,CERTIFIED,05/18/2023
2022-C-000737,CERTIFIED,05/18/2023
2022-C-000738,CERTIFIED,05/18/2023
2022-C-000739,REDEEMED,
2022-C-000740,REDEEMED,
2022-C-000741,CERTIFIED,05/18/2023
2022-C-000742,CERTIFIED,05/18/2023
2022-C-000743,CERTIFIED,05/18/2023
2022-C-000744,CERTIFIED,05/18/2023
2022-C-000745,REDEEMED,
2022-C-000746,CERTIFIED,05/18/2023
2022-C-000747,CERTIFIED,05/18/2023
2022-C-000748,CERTIFIED,05/18/2023
2022-C-000749,REDEEMED,
2022-C-000750,CERTIFIED,05/18/2023
2022-C-000751,CERTIFIED,05/18/2023
2022-C-000752,CERTIFIED,05/18/2023
2022-C-000753,CERTIFIED,05/18/2023
2022-C-000754,CERTIFIED,05/18/2023
2022-C-000755,CERTIFIED,05/18/2023
2022-C-000756,REDEEMED,
2022-C-000757,REDEEMED,
2022-C-000758,REDEEMED,
2022-C-000759,REDEEMED,
2022-C-000760,REDEEMED,
2022-C-000761,CERTIFIED,05/18/2023
2022-C-000762,CERTIFIED,05/18/2023
2022-C-000763,CERTIFIED,05/18/2023
2022-C-000764,REDEEMED,
2022-C-000765,REDEEMED,
2022-C-000766,CERTIFIED,05/18/2023
2022-C-000767,CERTIFIED,05/18/2023
2022-C-000768,CERTIFIED,05/18/2023
2022-C-000769,CERTIFIED,05/18/2023
2022-C-000770,CERTIFIED,05/18/2023
2022-C-000771,CERTIFIED,05/18/2023
2022-C-000772,CERTIFIED,05/18/2023
2022-C-000773,CERTIFIED,05/18/2023
2022-C-000774,CERTIFIED,05/18/2023
2022-C-000775,REDEEMED,
2022-C-000776,CERTIFIED,05/18/2023
2022-C-000777,CERTIFIED,05/18/2023
2022-C-000778,CERTIFIED,05/18/2023
2022-C-000779,CERTIFIED,05/18/2023
2022-C-000780,CERTIFIED,05/18/2023
2022-C-000781,CERTIFIED,05/18/2023
2022-C-000782,CERTIFIED,05/18/2023
2022-C-000783,CERTIFIED,05/18/2023
2022-C-000784,CERTIFIED,05/18/2023
2022-C-000785,CERTIFIED,05/18/2023
2022-C-000786,CERTIFIED,05/18/2023
2022-C-000787,REDEEMED,
2022-C-000788,CERTIFIED,05/18/2023
2022-C-000789,CERTIFIED,05/18/2023
2022-C-000790,REDEEMED,
2022-C-000791,REDEEMED,
2022-C-000792,REDEEMED,
2022-C-000793,REDEEMED,
2022-C-000794,CERTIFIED,05/18/2023
2022-C-000795,REDEEMED,
2022-C-000796,REDEEMED,
2022-C-000797,REDEEMED,
2022-C-000798,CERTIFIED,05/18/2023
2022-C-000799,CERTIFIED,05/18/2023
2022-C-000800,CERTIFIED,05/18/2023
2022-C-000801,CERTIFIED,05/18/2023
2022-C-000802,CERTIFIED,05/18/2023
2022-C-000803,CERTIFIED,05/18/2023
2022-C-000804,CERTIFIED,05/18/2023
2022-C-000805,CERTIFIED,05/18/2023
2022-C-000806,REDEEMED,
2022-C-000807,REDEEMED,
2022-C-000808,REDEEMED,
2022-C-000809,REDEEMED,
2022-C-000810,CERTIFIED,05/18/2023
2022-C-000811,CERTIFIED,05/18/2023
2022-C-000812,CERTIFIED,05/18/2023
2022-C-000813,CERTIFIED,05/18/2023
2022-C-000814,CERTIFIED,05/18/2023
2022-C-000815,CERTIFIED,05/18/2023
2022-C-000816,REDEEMED,
2022-C-000817,CERTIFIED,05/18/2023
2022-C-000818,REDEEMED,
2022-C-000819,CERTIFIED,05/18/2023
2022-C-000820,CERTIFIED,05/18/2023
2022-C-000821,CERTIFIED,05/18/2023
2022-C-000822,CERTIFIED,05/18/2023
2022-C-000823,CERTIFIED,05/18/2023
2022-C-000824,CERTIFIED,05/18/2023
2022-C-000825,CERTIFIED,05/18/2023
2022-C-000826,CERTIFIED,05/18/2023
2022-C-000827,REDEEMED,
2022-C-000828,CERTIFIED,05/18/2023
2022-C-000829,CERTIFIED,05/18/2023
2022-C-000830,REDEEMED,
2022-C-000831,CERTIFIED,05/18/2023
2022-C-000832,CERTIFIED,05/18/2023
2022-C-000833,CERTIFIED,05/18/2023
2022-C-000834,CERTIFIED,05/18/2023
2022-C-000835,CERTIFIED,05/18/2023
2022-C-000836,CERTIFIED,05/18/2023
2022-C-000837,CERTIFIED,05/18/2023
2022-C-000838,CERTIFIED,05/18/2023
2022-C-000839,REDEEMED,
2022-C-000840,REDEEMED,
2022-C-000841,CERTIFIED,05/18/2023
2022-C-000842,CERTIFIED,05/18/2023
2022-C-000843,CERTIFIED,05/18/2023
2022-C-000844,CERTIFIED,05/18/2023
2022-C-000845,REDEEMED,
2022-C-000846,CERTIFIED,05/18/2023
2022-C-000847,CERTIFIED,05/18/2023
2022-C-000848,REDEEMED,
2022-C-000849,CERTIFIED,05/18/2023
2022-C-000850,CERTIFIED,05/18/2023
2022-C-000851,CERTIFIED,05/18/2023
2022-C-000852,CERTIFIED,05/18/2023
2022-C-000853,CERTIFIED,05/18/2023
2022-C-000854,CERTIFIED,05/18/2023
2022-C-000855,CERTIFIED,05/18/2023
2022-C-000856,CERTIFIED,05/18/2023
2022-C-000857,CERTIFIED,05/18/2023
2022-C-000858,CERTIFIED,05/18/2023
2022-C-000859,CERTIFIED,05/18/2023
2022-C-000860,CERTIFIED,05/18/2023
2022-C-000861,REDEEMED,
2022-C-000862,CERTIFIED,05/18/2023
2022-C-000863,CERTIFIED,05/18/2023
2022-C-000864,REDEEMED,
2022-C-000865,REDEEMED,
2022-C-000866,CERTIFIED,05/18/2023
2022-C-000867,CERTIFIED,05/18/2023
2022-C-000868,CERTIFIED,05/18/2023
2022-C-000869,CERTIFIED,05/18/2023
2022-C-000870,CERTIFIED,05/18/2023
2022-C-000871,CERTIFIED,05/18/2023
2022-C-000872,CERTIFIED,05/18/2023
2022-C-000873,CERTIFIED,05/18/2023
2022-C-000874,CERTIFIED,05/18/2023
2022-C-000875,CERTIFIED,05/18/2023
2022-C-000876,CERTIFIED,05/18/2023
2022-C-000877,CERTIFIED,05/18/2023
2022-C-000878,CERTIFIED,05/18/2023
2022-C-000879,CERTIFIED,05/18/2023
2022-C-000880,CERTIFIED,05/18/2023
2022-C-000881,CERTIFIED,05/18/2023
2022-C-000882,REDEEMED,
2022-C-000883,CERTIFIED,05/18/2023
2022-C-000884,CERTIFIED,05/18/2023
2022-C-000885,CERTIFIED,05/18/2023
2022-C-000886,CERTIFIED,05/18/2023
2022-C-000887,CERTIFIED,05/18/2023
2022-C-000888,CERTIFIED,05/18/2023
2022-C-000889,REDEEMED,
2022-C-000890,REDEEMED,
2022-C-000891,CERTIFIED,05/18/2023
2022-C-000892,CERTIFIED,05/18/2023
2022-C-000893,REDEEMED,
2022-C-000894,CERTIFIED,05/18/2023
2022-C-000895,CERTIFIED,05/18/2023
2022-C-000896,CERTIFIED,05/18/2023
2022-C-000897,CERTIFIED,05/18/2023
2022-C-000898,CERTIFIED,05/18/2023
2022-C-000899,CERTIFIED,05/18/2023
2022-C-000901,REDEEMED,
2022-C-000902,CERTIFIED,05/18/2023
2022-C-000903,CERTIFIED,05/18/2023
2022-C-000904,CERTIFIED,05/18/2023
2022-C-000905,CERTIFIED,05/18/2023
2022-C-000906,CERTIFIED,05/18/2023
2022-C-000907,CERTIFIED,05/18/2023
2022-C-000908,CERTIFIED,05/18/2023
2022-C-000909,CERTIFIED,05/18/2023
2022-C-000910,CERTIFIED,05/18/2023
2022-C-000911,CERTIFIED,05/18/2023
2022-C-000912,REDEEMED,
2022-C-000913,REDEEMED,
2022-C-000914,REDEEMED,
2022-C-000915,REDEEMED,
2022-C-000916,CERTIFIED,05/18/2023
2022-C-000917,REDEEMED,
2022-C-000918,REDEEMED,
2022-C-000919,CERTIFIED,05/18/2023
2022-C-000920,REDEEMED,
2022-C-000921,CERTIFIED,05/18/2023
2022-C-000922,CERTIFIED,05/18/2023
2022-C-000923,CERTIFIED,05/18/2023
2022-C-000924,REDEEMED,
2022-C-000925,REDEEMED,
2022-C-000926,CERTIFIED,05/18/2023
2022-C-000927,CERTIFIED,05/18/2023
2022-C-000928,CERTIFIED,05/18/2023
2022-C-000929,REDEEMED,
2022-C-000930,CERTIFIED,05/18/2023
2022-C-000931,REDEEMED,
2022-C-000932,CERTIFIED,05/18/2023
2022-C-000933,CERTIFIED,05/18/2023
2022-C-000934,CERTIFIED,05/18/2023
2022-C-000935,CERTIFIED,05/18/2023
2022-C-000936,CERTIFIED,05/18/2023
2022-C-000937,CERTIFIED,05/18/2023
2022-C-000938,REDEEMED,
2022-C-000939,CERTIFIED,05/18/2023
2022-C-000940,CERTIFIED,05/18/2023
2022-C-000941,CERTIFIED,05/18/2023
2022-C-000942,CERTIFIED,05/18/2023
2022-C-000943,CERTIFIED,05/18/2023
2022-C-000944,CERTIFIED,05/18/2023
2022-C-000946,CERTIFIED,05/18/2023
2022-C-000947,CERTIFIED,05/18/2023
2022-C-000948,REDEEMED,
2022-C-000949,CERTIFIED,05/18/2023
2022-C-000950,CERTIFIED,05/18/2023
2022-C-000951,CERTIFIED,05/18/2023
2022-C-000952,CERTIFIED,05/18/2023
2022-C-000953,REDEEMED,
2022-C-000954,CERTIFIED,05/18/2023
2022-C-000955,CERTIFIED,05/18/2023
2022-C-000956,CERTIFIED,05/18/2023
2022-C-000957,CERTIFIED,05/18/2023
2022-C-000958,REDEEMED,
2022-C-000959,REDEEMED,
2022-C-000960,CERTIFIED,05/18/2023
2022-C-000961,CERTIFIED,05/18/2023
2022-C-000962,REDEEMED,
2022-C-000963,CERTIFIED,05/18/2023
2022-C-000964,CERTIFIED,05/18/2023
2022-C-000965,CERTIFIED,05/18/2023
2022-C-000966,CERTIFIED,05/18/2023
2022-C-000967,REDEEMED,
2022-C-000968,REDEEMED,
2022-C-000969,CERTIFIED,05/18/2023
2022-C-000970,CERTIFIED,05/18/2023
2022-C-000971,CERTIFIED,05/18/2023
2022-C-000972,CERTIFIED,05/18/2023
2022-C-000973,CERTIFIED,05/18/2023
2022-C-000974,CERTIFIED,05/18/2023
2022-C-000975,CERTIFIED,05/18/2023
2022-C-000976,REDEEMED,
2022-C-000977,REDEEMED,
2022-C-000978,REDEEMED,
2022-C-000979,REDEEMED,
2022-C-000980,REDEEMED,
2022-C-000981,CERTIFIED,05/18/2023
2022-C-000982,REDEEMED,
2022-C-000983,REDEEMED,
2022-C-000984,REDEEMED,
2022-C-000985,CERTIFIED,05/18/2023
2022-C-000986,REDEEMED,
2022-C-000987,REDEEMED,
2022-C-000988,CERTIFIED,05/18/2023
2022-C-000989,REDEEMED,
2022-C-000990,CERTIFIED,05/18/2023
2022-C-000991,REDEEMED,
2022-C-000992,CERTIFIED,05/18/2023
2022-C-000993,REDEEMED,
2022-C-000994,CERTIFIED,05/18/2023
2022-C-000995,CERTIFIED,05/18/2023
2022-C-000996,REDEEMED,
2022-C-000997,REDEEMED,
2022-C-000998,CERTIFIED,05/18/2023
2022-C-000999,REDEEMED,
2022-C-001000,REDEEMED,
2022-C-001001,CERTIFIED,05/18/2023
2022-C-001002,CERTIFIED,05/18/2023
2022-C-001003,REDEEMED,
2022-C-001004,REDEEMED,
2022-C-001005,CERTIFIED,05/18/2023
2022-C-001006,REDEEMED,
2022-C-001007,CERTIFIED,05/18/2023
2022-C-001008,CERTIFIED,05/18/2023
2022-C-001009,CERTIFIED,05/18/2023
2022-C-001010,CERTIFIED,05/18/2023
2022-C-001011,CERTIFIED,05/18/2023
2022-C-001012,CERTIFIED,05/18/2023
2022-C-001013,CERTIFIED,05/18/2023
2022-C-001014,CERTIFIED,05/18/2023
2022-C-001015,REDEEMED,
2022-C-001016,REDEEMED,
2022-C-001017,REDEEMED,
2022-C-001018,CERTIFIED,05/18/2023
2022-C-001019,REDEEMED,
2022-C-001020,CERTIFIED,05/18/2023
2022-C-001021,REDEEMED,
2022-C-001022,REDEEMED,
2022-C-001023,REDEEMED,
2022-C-001024,CERTIFIED,05/18/2023
2022-C-001025,CERTIFIED,05/18/2023
2022-C-001026,CERTIFIED,05/18/2023
2022-C-001027,REDEEMED,
2022-C-001028,CERTIFIED,05/18/2023
2022-C-001029,REDEEMED,
2022-C-001030,REDEEMED,
2022-C-001031,CERTIFIED,05/18/2023
2022-C-001032,REDEEMED,
2022-C-001033,REDEEMED,
2022-C-001034,CERTIFIED,05/18/2023
2022-C-001035,CERTIFIED,05/18/2023
2022-C-001036,CERTIFIED,05/18/2023
2022-C-001037,REDEEMED,
2022-C-001038,REDEEMED,
2022-C-001039,REDEEMED,
2022-C-001040,REDEEMED,
2022-C-001041,CERTIFIED,05/18/2023
2022-C-001042,REDEEMED,
2022-C-001043,REDEEMED,
2022-C-001044,CERTIFIED,05/18/2023
2022-C-001045,CERTIFIED,05/18/2023
2022-C-001046,CERTIFIED,05/18/2023
2022-C-001047,CERTIFIED,05/18/2023
2022-C-001048,CERTIFIED,05/18/2023
2022-C-001049,REDEEMED,
2022-C-001050,REDEEMED,
2022-C-001051,CERTIFIED,05/18/2023
2022-C-001052,REDEEMED,
2022-C-001053,REDEEMED,
2022-C-001054,CERTIFIED,05/18/2023
2022-C-001055,CERTIFIED,05/18/2023
2022-C-001056,REDEEMED,
2022-C-001057,CERTIFIED,05/18/2023
2022-C-001058,REDEEMED,
2022-C-001059,CERTIFIED,05/18/2023
2022-C-001060,CERTIFIED,05/18/2023
2022-C-001061,CERTIFIED,05/18/2023
2022-C-001062,CERTIFIED,05/18/2023
2022-C-001063,REDEEMED,
2022-C-001064,CERTIFIED,05/18/2023
2022-C-001065,CERTIFIED,05/18/2023
2022-C-001066,CERTIFIED,05/18/2023
2022-C-001067,CERTIFIED,05/18/2023
2022-C-001068,CERTIFIED,05/18/2023
2022-C-001069,CERTIFIED,05/18/2023
2022-C-001070,REDEEMED,
2022-C-001071,CERTIFIED,05/18/2023
2022-C-001072,CERTIFIED,05/18/2023
2022-C-001073,CERTIFIED,05/18/2023
2022-C-001074,REDEEMED,
2022-C-001075,REDEEMED,
2022-C-001076,CERTIFIED,05/18/2023
2022-C-001077,CERTIFIED,05/18/2023
2022-C-001078,CERTIFIED,05/18/2023
2022-C-001079,CERTIFIED,05/18/2023
2022-C-001080,CERTIFIED,05/18/2023
2022-C-001081,CERTIFIED,05/18/2023
2022-C-001082,REDEEMED,
2022-C-001083,REDEEMED,
2022-C-001084,REDEEMED,
2022-C-001085,REDEEMED,
2022-C-001086,CERTIFIED,05/18/2023
2022-C-001087,CERTIFIED,05/18/2023
2022-C-001088,CERTIFIED,05/18/2023
2022-C-001089,CERTIFIED,05/18/2023
2022-C-001090,REDEEMED,
2022-C-001091,REDEEMED,
2022-C-001092,CERTIFIED,05/18/2023
2022-C-001093,REDEEMED,
2022-C-001094,CERTIFIED,05/18/2023
2022-C-001095,CERTIFIED,05/18/2023
2022-C-001096,REDEEMED,
2022-C-001097,REDEEMED,
2022-C-001098,CERTIFIED,05/18/2023
2022-C-001099,CERTIFIED,05/18/2023
2022-C-001100,CERTIFIED,05/18/2023
2022-C-001101,CERTIFIED,05/18/2023
2022-C-001102,CERTIFIED,05/18/2023
2022-C-001103,CERTIFIED,05/18/2023
2022-C-001104,REDEEMED,
2022-C-001105,CERTIFIED,05/18/2023
2022-C-001106,REDEEMED,
2022-C-001107,REDEEMED,
2022-C-001108,CERTIFIED,05/18/2023
2022-C-001109,CERTIFIED,05/18/2023
2022-C-001110,REDEEMED,
2022-C-001111,CERTIFIED,05/18/2023
2022-C-001112,CERTIFIED,05/18/2023
2022-C-001113,REDEEMED,
2022-C-001114,REDEEMED,
2022-C-001115,CERTIFIED,05/18/2023
2022-C-001116,REDEEMED,
2022-C-001117,CERTIFIED,05/18/2023
2022-C-001118,CERTIFIED,05/18/2023
2022-C-001119,CERTIFIED,05/18/2023
2022-C-001120,CERTIFIED,05/18/2023
2022-C-001121,CERTIFIED,05/18/2023
2022-C-001122,CERTIFIED,05/18/2023
2022-C-001123,CERTIFIED,05/18/2023
2022-C-001124,CERTIFIED,05/18/2023
2022-C-001125,CERTIFIED,05/18/2023
2022-C-001126,CERTIFIED,05/18/2023
2022-C-001127,CERTIFIED,05/18/2023
2022-C-001128,REDEEMED,
2022-C-001129,REDEEMED,
2022-C-001130,CERTIFIED,05/18/2023
2022-C-001131,CERTIFIED,05/18/2023
2022-C-001132,CERTIFIED,05/18/2023
2022-C-001133,CERTIFIED,05/18/2023
2022-C-001134,REDEEMED,
2022-C-001135,CERTIFIED,05/18/2023
2022-C-001136,REDEEMED,
2022-C-001137,REDEEMED,
2022-C-001138,CERTIFIED,05/18/2023
2022-C-001139,CERTIFIED,05/18/2023
2022-C-001140,CERTIFIED,05/18/2023
2022-C-001141,CERTIFIED,05/18/2023
2022-C-001142,REDEEMED,
2022-C-001143,CERTIFIED,05/18/2023
2022-C-001144,CERTIFIED,05/18/2023
2022-C-001145,CERTIFIED,05/18/2023
2022-C-001146,CERTIFIED,05/18/2023
2022-C-001147,REDEEMED,
2022-C-001148,CERTIFIED,05/18/2023
2022-C-001149,REDEEMED,
2022-C-001150,CERTIFIED,05/18/2023
2022-C-001151,CERTIFIED,05/18/2023
2022-C-001152,CERTIFIED,05/18/2023
2022-C-001153,REDEEMED,
2022-C-001154,CERTIFIED,05/18/2023
2022-C-001155,CERTIFIED,05/18/2023
2022-C-001156,REDEEMED,
2022-C-001157,REDEEMED,
2022-C-001158,REDEEMED,
2022-C-001159,CERTIFIED,05/18/2023
2022-C-001160,REDEEMED,
2022-C-001161,CERTIFIED,05/18/2023
2022-C-001162,CERTIFIED,05/18/2023
2022-C-001163,REDEEMED,
2022-C-001166,REDEEMED,
2022-C-001167,CERTIFIED,05/18/2023
2022-C-001168,CERTIFIED,05/18/2023
2022-C-001169,CERTIFIED,05/18/2023
2022-C-001170,REDEEMED,
2022-C-001171,REDEEMED,
2022-C-001172,REDEEMED,
2022-C-001173,REDEEMED,
2022-C-001174,CERTIFIED,05/18/2023
2022-C-001175,CERTIFIED,05/18/2023
2022-C-001176,REDEEMED,
2022-C-001177,CERTIFIED,05/18/2023
2022-C-001178,REDEEMED,
2022-C-001179,CERTIFIED,05/18/2023
2022-C-001180,REDEEMED,
2022-C-001181,REDEEMED,
2022-C-001182,REDEEMED,
2022-C-001183,REDEEMED,
2022-C-001184,REDEEMED,
2022-C-001186,CERTIFIED,05/18/2023
2022-C-001187,CERTIFIED,05/18/2023
2022-C-001188,CERTIFIED,05/18/2023
2022-C-001189,CERTIFIED,05/18/2023
2022-C-001190,REDEEMED,
2022-C-001191,REDEEMED,
2022-C-001192,CERTIFIED,05/18/2023
2022-C-001193,REDEEMED,
2022-C-001194,CERTIFIED,05/18/2023
2022-C-001196,REDEEMED,
2022-C-001197,CERTIFIED,05/18/2023
2022-C-001198,CERTIFIED,05/18/2023
2022-C-001199,CERTIFIED,05/18/2023
2022-C-001200,CERTIFIED,05/18/2023
2022-C-001201,REDEEMED,
2022-C-001202,REDEEMED,
2022-C-001203,CERTIFIED,05/18/2023
2022-C-001204,CERTIFIED,05/18/2023
2022-C-001205,REDEEMED,
2022-C-001206,REDEEMED,
2022-C-001207,CERTIFIED,05/18/2023
2022-C-001208,REDEEMED,
2022-C-001209,CERTIFIED,05/18/2023
2022-C-001210,CERTIFIED,05/18/2023
2022-C-001211,CERTIFIED,05/18/2023
2022-C-001212,CERTIFIED,05/18/2023
2022-C-001213,CERTIFIED,05/18/2023
2022-C-001214,CERTIFIED,05/18/2023
2022-C-001215,REDEEMED,
2022-C-001216,REDEEMED,
2022-C-001217,CERTIFIED,05/18/2023
2022-C-001218,CERTIFIED,05/18/2023
2022-C-001219,CERTIFIED,05/18/2023
2022-C-001220,CERTIFIED,05/18/2023
2022-C-001221,CERTIFIED,05/18/2023
2022-C-001222,CERTIFIED,05/18/2023
2022-C-001223,CERTIFIED,05/18/2023
2022-C-001224,REDEEMED,
2022-C-001225,REDEEMED,
2022-C-001226,CERTIFIED,05/18/2023
2022-C-001227,CERTIFIED,05/18/2023
2022-C-001228,CERTIFIED,05/18/2023
2022-C-001229,CERTIFIED,05/18/2023
2022-C-001230,REDEEMED,
2022-C-001231,CERTIFIED,05/18/2023
2022-C-001232,CERTIFIED,05/18/2023
2022-C-001233,CERTIFIED,05/18/2023
2022-C-001234,CERTIFIED,05/18/2023
2022-C-001235,CERTIFIED,05/18/2023
2022-C-001236,REDEEMED,
2022-C-001237,REDEEMED,
2022-C-001238,CERTIFIED,05/18/2023
2022-C-001239,CERTIFIED,05/18/2023
2022-C-001240,CERTIFIED,05/18/2023
2022-C-001241,REDEEMED,
2022-C-001242,REDEEMED,
2022-C-001243,CERTIFIED,05/18/2023
2022-C-001244,CERTIFIED,05/18/2023
2022-C-001245,CERTIFIED,05/18/2023
2022-C-001246,REDEEMED,
2022-C-001247,CERTIFIED,05/18/2023
2022-C-001248,CERTIFIED,05/18/2023
2022-C-001249,CERTIFIED,05/18/2023
2022-C-001250,CERTIFIED,05/18/2023
2022-C-001251,REDEEMED,
2022-C-001252,CERTIFIED,05/18/2023
2022-C-001253,CERTIFIED,05/18/2023
2022-C-001254,REDEEMED,
2022-C-001255,REDEEMED,
2022-C-001256,CERTIFIED,05/18/2023
2022-C-001257,CERTIFIED,05/18/2023
2022-C-001258,CERTIFIED,05/18/2023
2022-C-001259,REDEEMED,
2022-C-001260,REDEEMED,
2022-C-001261,REDEEMED,
2022-C-001262,CERTIFIED,05/18/2023
2022-C-001263,REDEEMED,
2022-C-001264,REDEEMED,
2022-C-001265,REDEEMED,
2022-C-001266,CERTIFIED,05/18/2023
2022-C-001267,CERTIFIED,05/18/2023
2022-C-001268,REDEEMED,
2022-C-001269,CERTIFIED,05/18/2023
2022-C-001270,REDEEMED,
2022-C-001271,CERTIFIED,05/18/2023
2022-C-001272,CERTIFIED,05/18/2023
2022-C-001273,CERTIFIED,05/18/2023
2022-C-001274,REDEEMED,
2022-C-001275,CERTIFIED,05/18/2023
2022-C-001276,CERTIFIED,05/18/2023
2022-C-001277,REDEEMED,
2022-C-001278,CERTIFIED,05/18/2023
2022-C-001279,CERTIFIED,05/18/2023
2022-C-001280,CERTIFIED,05/18/2023
2022-C-001281,CERTIFIED,05/18/2023
2022-C-001282,CERTIFIED,05/18/2023
2022-C-001283,CERTIFIED,05/18/2023
2022-C-001284,CERTIFIED,05/18/2023
2022-C-001285,CERTIFIED,05/18/2023
2022-C-001286,CERTIFIED,05/18/2023
2022-C-001287,CERTIFIED,05/18/2023
2022-C-001288,REDEEMED,
2022-C-001289,CERTIFIED,05/18/2023
2022-C-001290,CERTIFIED,05/18/2023
2022-C-001291,CERTIFIED,05/18/2023
2022-C-001292,CERTIFIED,05/18/2023
2022-C-001293,REDEEMED,
2022-C-001294,CERTIFIED,05/18/2023
2022-C-001295,CERTIFIED,05/18/2023
2022-C-001296,CERTIFIED,05/18/2023
2022-C-001297,CERTIFIED,05/18/2023
2022-C-001298,REDEEMED,
2022-C-001299,REDEEMED,
2022-C-001300,REDEEMED,
2022-C-001301,REDEEMED,
2022-C-001302,CERTIFIED,05/18/2023
2022-C-001303,REDEEMED,
2022-C-001304,CERTIFIED,05/18/2023
2022-C-001305,CERTIFIED,05/18/2023
2022-C-001306,CERTIFIED,05/18/2023
2022-C-001307,REDEEMED,
2022-C-001308,REDEEMED,
2022-C-001309,REDEEMED,
2022-C-001310,REDEEMED,
2022-C-001311,REDEEMED,
2022-C-001312,CERTIFIED,05/18/2023
2022-C-001313,CERTIFIED,05/18/2023
2022-C-001314,CERTIFIED,05/18/2023
2022-C-001315,CERTIFIED,05/18/2023
2022-C-001316,CERTIFIED,05/18/2023
2022-C-001317,CERTIFIED,05/18/2023
2022-C-001318,CERTIFIED,05/18/2023
2022-C-001319,CERTIFIED,05/18/2023
2022-C-001320,CERTIFIED,05/18/2023
2022-C-001321,REDEEMED,
2022-C-001322,REDEEMED,
2022-C-001323,REDEEMED,
2022-C-001324,REDEEMED,
2022-C-001325,CERTIFIED,05/18/2023
2022-C-001326,REDEEMED,
2022-C-001327,CERTIFIED,05/18/2023
2022-C-001328,CERTIFIED,05/18/2023
2022-C-001329,REDEEMED,
2022-C-001330,CERTIFIED,05/18/2023
2022-C-001331,CERTIFIED,05/18/2023
2022-C-001332,CERTIFIED,05/18/2023
2022-C-001333,CERTIFIED,05/18/2023
2022-C-001334,REDEEMED,
2022-C-001335,REDEEMED,
2022-C-001336,CERTIFIED,05/18/2023
2022-C-001337,CERTIFIED,05/18/2023
2022-C-001338,CERTIFIED,05/18/2023
2022-C-001339,CERTIFIED,05/18/2023
2022-C-001340,CERTIFIED,05/18/2023
2022-C-001341,CERTIFIED,05/18/2023
2022-C-001342,CERTIFIED,05/18/2023
2022-C-001343,CERTIFIED,05/18/2023
2022-C-001344,REDEEMED,
2022-C-001345,CERTIFIED,05/18/2023
2022-C-001346,REDEEMED,
2022-C-001347,CERTIFIED,05/18/2023
2022-C-001348,REDEEMED,
2022-C-001349,CERTIFIED,05/18/2023
2022-C-001350,CERTIFIED,05/18/2023
2022-C-001351,CERTIFIED,05/18/2023
2022-C-001352,REDEEMED,
2022-C-001353,REDEEMED,
2022-C-001354,CERTIFIED,05/18/2023
2022-C-001355,REDEEMED,
2022-C-001356,CERTIFIED,05/18/2023
2022-C-001357,CERTIFIED,05/18/2023
2022-C-001358,CERTIFIED,05/18/2023
2022-C-001359,CERTIFIED,05/18/2023
2022-C-001360,CERTIFIED,05/18/2023
2022-C-001361,CERTIFIED,05/18/2023
2022-C-001362,CERTIFIED,05/18/2023
2022-C-001363,CERTIFIED,05/18/2023
2022-C-001364,REDEEMED,
2022-C-001365,CERTIFIED,05/18/2023
2022-C-001366,REDEEMED,
2022-C-001367,CERTIFIED,05/18/2023
2022-C-001368,REDEEMED,
2022-C-001369,REDEEMED,
2022-C-001370,REDEEMED,
2022-C-001371,CERTIFIED,05/18/2023
2022-C-001372,REDEEMED,
2022-C-001373,REDEEMED,
2022-C-001374,REDEEMED,
2022-C-001375,REDEEMED,
2022-C-001376,REDEEMED,
2022-C-001377,CERTIFIED,05/18/2023
2022-C-001378,CERTIFIED,05/18/2023
2022-C-001379,CERTIFIED,05/18/2023
2022-C-001380,REDEEMED,
2022-C-001381,CERTIFIED,05/18/2023
2022-C-001382,CERTIFIED,05/18/2023
2022-C-001383,CERTIFIED,05/18/2023
2022-C-001384,CERTIFIED,05/18/2023
2022-C-001385,REDEEMED,
2022-C-001386,CERTIFIED,05/18/2023
2022-C-001387,REDEEMED,
2022-C-001388,REDEEMED,
2022-C-001389,REDEEMED,
2022-C-001390,CERTIFIED,05/18/2023
2022-C-001391,CERTIFIED,05/18/2023
2022-C-001392,CERTIFIED,05/18/2023
2022-C-001393,REDEEMED,
2022-C-001394,REDEEMED,
2022-C-001395,REDEEMED,
2022-C-001396,CERTIFIED,05/18/2023
2022-C-001397,REDEEMED,
2022-C-001398,CERTIFIED,05/18/2023
2022-C-001399,REDEEMED,
2022-C-001400,CERTIFIED,05/18/2023
2022-C-001401,REDEEMED,
2022-C-001402,CERTIFIED,05/18/2023
2022-C-001403,CERTIFIED,05/18/2023
2022-C-001404,REDEEMED,
2022-C-001405,CERTIFIED,05/18/2023
2022-C-001406,CERTIFIED,05/18/2023
2022-C-001407,CERTIFIED,05/18/2023
2022-C-001408,REDEEMED,
2022-C-001409,REDEEMED,
2022-C-001410,REDEEMED,
2022-C-001411,CERTIFIED,05/18/2023
2022-C-001412,CERTIFIED,05/18/2023
2022-C-001413,CERTIFIED,05/18/2023
2022-C-001414,CERTIFIED,05/18/2023
2022-C-001415,CERTIFIED,05/18/2023
2022-C-001416,CERTIFIED,05/18/2023
2022-C-001417,CERTIFIED,05/18/2023
2022-C-001418,REDEEMED,
2022-C-001419,REDEEMED,
2022-C-001420,CERTIFIED,05/18/2023
2022-C-001421,CERTIFIED,05/18/2023
2022-C-001422,CERTIFIED,05/18/2023
2022-C-001423,REDEEMED,
2022-C-001424,CERTIFIED,05/18/2023
2022-C-001425,CERTIFIED,05/18/2023
2022-C-001426,CERTIFIED,05/18/2023
2022-C-001427,CERTIFIED,05/18/2023
2022-C-001428,CERTIFIED,05/18/2023
2022-C-001429,REDEEMED,
2022-C-001430,CERTIFIED,05/18/2023
2022-C-001431,CERTIFIED,05/18/2023
2022-C-001432,REDEEMED,
2022-C-001433,REDEEMED,
2022-C-001434,REDEEMED,
2022-C-001435,REDEEMED,
2022-C-001436,CERTIFIED,05/18/2023
2022-C-001437,CERTIFIED,05/18/2023
2022-C-001438,REDEEMED,
2022-C-001439,REDEEMED,
2022-C-001440,CERTIFIED,05/18/2023
2022-C-001441,CERTIFIED,05/18/2023
2022-C-001442,CERTIFIED,05/18/2023
2022-C-001443,REDEEMED,
2022-C-001444,CERTIFIED,05/18/2023
2022-C-001445,CERTIFIED,05/18/2023
2022-C-001446,CERTIFIED,05/18/2023
2022-C-001447,CERTIFIED,05/18/2023
2022-C-001448,REDEEMED,
2022-C-001449,REDEEMED,
2022-C-001450,REDEEMED,
2022-C-001451,REDEEMED,
2022-C-001452,REDEEMED,
2022-C-001453,CERTIFIED,05/18/2023
2022-C-001454,CERTIFIED,05/18/2023
2022-C-001455,REDEEMED,
2022-C-001456,CERTIFIED,05/18/2023
2022-C-001457,CERTIFIED,05/18/2023
2022-C-001458,CERTIFIED,05/18/2023
2022-C-001459,CERTIFIED,05/18/2023
2022-C-001460,CERTIFIED,05/18/2023
2022-C-001461,CERTIFIED,05/18/2023
2022-C-001462,CERTIFIED,05/18/2023
2022-C-001463,REDEEMED,
2022-C-001464,CERTIFIED,05/18/2023
2022-C-001465,REDEEMED,
2022-C-001466,CERTIFIED,05/18/2023
2022-C-001467,REDEEMED,
2022-C-001468,CERTIFIED,05/18/2023
2022-C-001469,REDEEMED,
2022-C-001470,REDEEMED,
2022-C-001471,CERTIFIED,05/18/2023
2022-C-001472,REDEEMED,
2022-C-001473,REDEEMED,
2022-C-001474,CERTIFIED,05/18/2023
2022-C-001475,REDEEMED,
2022-C-001476,CERTIFIED,05/18/2023
2022-C-001477,CERTIFIED,05/18/2023
2022-C-001478,CERTIFIED,05/18/2023
2022-C-001479,REDEEMED,
2022-C-001480,CERTIFIED,05/18/2023
2022-C-001481,REDEEMED,
2022-C-001482,REDEEMED,
2022-C-001483,CERTIFIED,05/18/2023
2022-C-001484,CERTIFIED,05/18/2023
2022-C-001485,CERTIFIED,05/18/2023
2022-C-001486,REDEEMED,
2022-C-001487,REDEEMED,
2022-C-001488,CERTIFIED,05/18/2023
2022-C-001489,REDEEMED,
2022-C-001490,REDEEMED,
2022-C-001491,CERTIFIED,05/18/2023
2022-C-001492,CERTIFIED,05/18/2023
2022-C-001493,REDEEMED,
2022-C-001494,REDEEMED,
2022-C-001495,REDEEMED,
2022-C-001496,CERTIFIED,05/18/2023
2022-C-001497,CERTIFIED,05/18/2023
2022-C-001498,REDEEMED,
2022-C-001499,CERTIFIED,05/18/2023
2022-C-001500,CERTIFIED,05/18/2023
2022-C-001501,CERTIFIED,05/18/2023
2022-C-001502,CERTIFIED,05/18/2023
2022-C-001503,CERTIFIED,05/18/2023
2022-C-001504,CERTIFIED,05/18/2023
2022-C-001505,CERTIFIED,05/18/2023
2022-C-001506,REDEEMED,
2022-C-001507,CERTIFIED,05/18/2023
2022-C-001508,CERTIFIED,05/18/2023
2022-C-001509,CERTIFIED,05/18/2023
2022-C-001511,CERTIFIED,05/18/2023
2022-C-001512,CERTIFIED,05/18/2023
2022-C-001513,CERTIFIED,05/18/2023
2022-C-001514,REDEEMED,
2022-C-001515,CERTIFIED,05/18/2023
2022-C-001516,CERTIFIED,05/18/2023
2022-C-001517,CERTIFIED,05/18/2023
2022-C-001518,REDEEMED,
2022-C-001519,REDEEMED,
2022-C-001520,REDEEMED,
2022-C-001521,REDEEMED,
2022-C-001522,REDEEMED,
2022-C-001523,CERTIFIED,05/18/2023
2022-C-001524,CERTIFIED,05/18/2023
2022-C-001525,CERTIFIED,05/18/2023
2022-C-001526,CERTIFIED,05/18/2023
2022-C-001527,CERTIFIED,05/18/2023
2022-C-001528,CERTIFIED,05/18/2023
2022-C-001529,CERTIFIED,05/18/2023
2022-C-001530,REDEEMED,
2022-C-001531,CERTIFIED,05/18/2023
2022-C-001532,REDEEMED,
2022-C-001533,REDEEMED,
2022-C-001534,CERTIFIED,05/18/2023
2022-C-001535,CERTIFIED,05/18/2023
2022-C-001536,REDEEMED,
2022-C-001537,CERTIFIED,05/18/2023
2022-C-001538,CERTIFIED,05/18/2023
2022-C-001539,CERTIFIED,05/18/2023
2022-C-001540,REDEEMED,
2022-C-001541,CERTIFIED,05/18/2023
2022-C-001542,CERTIFIED,05/18/2023
2022-C-001543,CERTIFIED,05/18/2023
2022-C-001544,CERTIFIED,05/18/2023
2022-C-001545,CERTIFIED,05/18/2023
2022-C-001546,CERTIFIED,05/18/2023
2022-C-001547,CERTIFIED,05/18/2023
2022-C-001548,CERTIFIED,05/18/2023
2022-C-001549,CERTIFIED,05/18/2023
2022-C-001550,CERTIFIED,05/18/2023
2022-C-001551,CERTIFIED,05/18/2023
2022-C-001552,CERTIFIED,05/18/2023
2022-C-001553,CERTIFIED,05/18/2023
2022-C-001554,CERTIFIED,05/18/2023
2022-C-001555,CERTIFIED,05/18/2023
2022-C-001556,CERTIFIED,05/18/2023
2022-C-001557,CERTIFIED,05/18/2023
2022-C-001558,CERTIFIED,05/18/2023
2022-C-001559,CERTIFIED,05/18/2023
2022-C-001560,CERTIFIED,05/18/2023
2022-C-001561,CERTIFIED,05/18/2023
2022-C-001562,CERTIFIED,05/18/2023
2022-C-001563,CERTIFIED,05/18/2023
2022-C-001564,CERTIFIED,05/18/2023
2022-C-001565,CERTIFIED,05/18/2023
2022-C-001566,CERTIFIED,05/18/2023
2022-C-001567,REDEEMED,
2022-C-001568,REDEEMED,
2022-C-001569,REDEEMED,
2022-C-001570,REDEEMED,
2022-C-001571,REDEEMED,
2022-C-001572,REDEEMED,
2022-C-001573,CERTIFIED,05/18/2023
2022-C-001574,CERTIFIED,05/18/2023
2022-C-001575,CERTIFIED,05/18/2023
2022-C-001576,CERTIFIED,05/18/2023
2022-C-001577,CERTIFIED,05/18/2023
2022-C-001578,REDEEMED,
2022-C-001579,REDEEMED,
2022-C-001580,REDEEMED,
2022-C-001581,CERTIFIED,05/18/2023
2022-C-001582,CERTIFIED,05/18/2023
2022-C-001583,CERTIFIED,05/18/2023
2022-C-001584,CERTIFIED,05/18/2023
2022-C-001585,REDEEMED,
2022-C-001586,REDEEMED,
2022-C-001587,CERTIFIED,05/18/2023
2022-C-001588,CERTIFIED,05/18/2023
2022-C-001589,CERTIFIED,05/18/2023
2022-C-001590,CERTIFIED,05/18/2023
2022-C-001591,CERTIFIED,05/18/2023
2022-C-001592,CERTIFIED,05/18/2023
2022-C-001593,CERTIFIED,05/18/2023
2022-C-001594,REDEEMED,
2022-C-001595,REDEEMED,
2022-C-001596,CERTIFIED,05/18/2023
2022-C-001597,REDEEMED,
2022-C-001598,CERTIFIED,05/18/2023
2022-C-001599,REDEEMED,
2022-C-001600,CERTIFIED,05/18/2023
2022-C-001601,CERTIFIED,05/18/2023
2022-C-001602,CERTIFIED,05/18/2023
2022-C-001603,CERTIFIED,05/18/2023
2022-C-001604,CERTIFIED,05/18/2023
2022-C-001605,CERTIFIED,05/18/2023
2022-C-001606,CERTIFIED,05/18/2023
2022-C-001607,REDEEMED,
2022-C-001608,REDEEMED,
2022-C-001609,REDEEMED,
2022-C-001610,CERTIFIED,05/18/2023
2022-C-001611,CERTIFIED,05/18/2023
2022-C-001612,REDEEMED,
2022-C-001613,REDEEMED,
2022-C-001614,CERTIFIED,05/18/2023
2022-C-001615,CERTIFIED,05/18/2023
2022-C-001616,REDEEMED,
2022-C-001617,CERTIFIED,05/18/2023
2022-C-001618,REDEEMED,
2022-C-001619,CERTIFIED,05/18/2023
2022-C-001620,CERTIFIED,05/18/2023
2022-C-001621,REDEEMED,
2022-C-001622,CERTIFIED,05/18/2023
2022-C-001623,CERTIFIED,05/18/2023
2022-C-001624,REDEEMED,
2022-C-001625,REDEEMED,
2022-C-001626,CERTIFIED,05/18/2023
2022-C-001627,REDEEMED,
2022-C-001628,REDEEMED,
2022-C-001629,REDEEMED,
2022-C-001630,REDEEMED,
2022-C-001631,REDEEMED,
2022-C-001632,CERTIFIED,05/18/2023
2022-C-001633,CERTIFIED,05/18/2023
2022-C-001634,CERTIFIED,05/18/2023
2022-C-001635,CERTIFIED,05/18/2023
2022-C-001636,CERTIFIED,05/18/2023
2022-C-001637,CERTIFIED,05/18/2023
2022-C-001638,CERTIFIED,05/18/2023
2022-C-001639,CERTIFIED,05/18/2023
2022-C-001640,CERTIFIED,05/18/2023
2022-C-001641,CERTIFIED,05/18/2023
2022-C-001642,CERTIFIED,05/18/2023
2022-C-001643,CERTIFIED,05/18/2023
2022-C-001644,CERTIFIED,05/18/2023
2022-C-001645,CERTIFIED,05/18/2023
2022-C-001646,CERTIFIED,05/18/2023
2022-C-001647,CERTIFIED,05/18/2023
2022-C-001648,CERTIFIED,05/18/2023
2022-C-001649,CERTIFIED,05/18/2023
2022-C-001650,CERTIFIED,05/18/2023
2022-C-001651,REDEEMED,
2022-C-001652,CERTIFIED,05/18/2023
2022-C-001653,REDEEMED,
2022-C-001654,CERTIFIED,05/18/2023
2022-C-001655,CERTIFIED,05/18/2023
2022-C-001656,REDEEMED,
2022-C-001657,CERTIFIED,05/18/2023
2022-C-001658,CERTIFIED,05/18/2023
2022-C-001659,REDEEMED,
2022-C-001660,REDEEMED,
2022-C-001661,CERTIFIED,05/18/2023
2022-C-001662,CERTIFIED,05/18/2023
2022-C-001663,CERTIFIED,05/18/2023
2022-C-001664,REDEEMED,
2022-C-001665,REDEEMED,
2022-C-001666,CERTIFIED,05/18/2023
2022-C-001667,REDEEMED,
2022-C-001668,CERTIFIED,05/18/2023
2022-C-001669,CERTIFIED,05/18/2023
2022-C-001670,CERTIFIED,05/18/2023
2022-C-001671,CERTIFIED,05/18/2023
2022-C-001672,REDEEMED,
2022-C-001673,CERTIFIED,05/18/2023
2022-C-001674,CERTIFIED,05/18/2023
2022-C-001675,CERTIFIED,05/18/2023
2022-C-001676,CERTIFIED,05/18/2023
2022-C-001677,CERTIFIED,05/18/2023
2022-C-001678,CERTIFIED,05/18/2023
2022-C-001679,REDEEMED,
2022-C-001680,REDEEMED,
2022-C-001681,REDEEMED,
2022-C-001682,CERTIFIED,05/18/2023
2022-C-001683,REDEEMED,
2022-C-001684,REDEEMED,
2022-C-001685,REDEEMED,
2022-C-001686,REDEEMED,
2022-C-001687,REDEEMED,
2022-C-001688,REDEEMED,
2022-C-001689,REDEEMED,
2022-C-001690,CERTIFIED,05/18/2023
2022-C-001691,CERTIFIED,05/18/2023
2022-C-001692,REDEEMED,
2022-C-001693,CERTIFIED,05/18/2023
2022-C-001694,CERTIFIED,05/18/2023
2022-C-001695,REDEEMED,
2022-C-001696,CERTIFIED,05/18/2023
2022-C-001697,REDEEMED,
2022-C-001698,CERTIFIED,05/18/2023
2022-C-001699,REDEEMED,
2022-C-001700,CERTIFIED,05/18/2023
2022-C-001701,CERTIFIED,05/18/2023
2022-C-001702,CERTIFIED,05/18/2023
2022-C-001703,REDEEMED,
2022-C-001704,REDEEMED,
2022-C-001705,REDEEMED,
2022-C-001706,CERTIFIED,05/18/2023
2022-C-001707,CERTIFIED,05/18/2023
2022-C-001708,REDEEMED,
2022-C-001709,REDEEMED,
2022-C-001710,CERTIFIED,05/18/2023
2022-C-001711,CERTIFIED,05/18/2023
2022-C-001712,CERTIFIED,05/18/2023
2022-C-001713,CERTIFIED,05/18/2023
2022-C-001714,REDEEMED,
2022-C-001715,REDEEMED,
2022-C-001716,CERTIFIED,05/18/2023
2022-C-001717,REDEEMED,
2022-C-001718,REDEEMED,
2022-C-001719,REDEEMED,
2022-C-001720,REDEEMED,
2022-C-001721,CERTIFIED,05/18/2023
2022-C-001722,REDEEMED,
2022-C-001723,CERTIFIED,05/18/2023
2022-C-001724,REDEEMED,
2022-C-001725,CERTIFIED,05/18/2023
2022-C-001726,CERTIFIED,05/18/2023
2022-C-001727,REDEEMED,
2022-C-001728,REDEEMED,
2022-C-001729,CERTIFIED,05/18/2023
2022-C-001730,CERTIFIED,05/18/2023
2022-C-001731,REDEEMED,
2022-C-001733,CERTIFIED,05/18/2023
2022-C-001734,CERTIFIED,05/18/2023
2022-C-001735,CERTIFIED,05/18/2023
2022-C-001736,REDEEMED,
2022-C-001737,REDEEMED,
2022-C-001738,CERTIFIED,05/18/2023
2022-C-001739,CERTIFIED,05/18/2023
2022-C-001740,CERTIFIED,05/18/2023
2022-C-001741,REDEEMED,
2022-C-001742,REDEEMED,
2022-C-001743,REDEEMED,
2022-C-001744,CERTIFIED,05/18/2023
2022-C-001745,REDEEMED,
2022-C-001746,CERTIFIED,05/18/2023
2022-C-001747,CERTIFIED,05/18/2023
2022-C-001748,CERTIFIED,05/18/2023
2022-C-001749,CERTIFIED,05/18/2023
2022-C-001750,CERTIFIED,05/18/2023
2022-C-001751,CERTIFIED,05/18/2023
2022-C-001752,CERTIFIED,05/18/2023
2022-C-001753,REDEEMED,
2022-C-001754,CERTIFIED,05/18/2023
2022-C-001755,REDEEMED,
2022-C-001756,CERTIFIED,05/18/2023
2022-C-001757,CERTIFIED,05/18/2023
2022-C-001758,REDEEMED,
2022-C-001759,REDEEMED,
2022-C-001760,CERTIFIED,05/18/2023
2022-C-001761,CERTIFIED,05/18/2023
2022-C-001762,CERTIFIED,05/18/2023
2022-C-001763,CERTIFIED,05/18/2023
2022-C-001764,REDEEMED,
2022-C-001765,CERTIFIED,05/18/2023
2022-C-001766,CERTIFIED,05/18/2023
2022-C-001767,REDEEMED,
2022-C-001768,CERTIFIED,05/18/2023
2022-C-001769,CERTIFIED,05/18/2023
2022-C-001770,REDEEMED,
2022-C-001771,CERTIFIED,05/18/2023
2022-C-001772,CERTIFIED,05/18/2023
2022-C-001773,CERTIFIED,05/18/2023
2022-C-001774,REDEEMED,
2022-C-001775,CERTIFIED,05/18/2023
2022-C-001776,REDEEMED,
2022-C-001777,CERTIFIED,05/18/2023
2022-C-001778,REDEEMED,
2022-C-001779,REDEEMED,
2022-C-001780,CERTIFIED,05/18/2023
2022-C-001781,REDEEMED,
2022-C-001782,CERTIFIED,05/18/2023
2022-C-001783,REDEEMED,
2022-C-001784,CERTIFIED,05/18/2023
2022-C-001785,REDEEMED,
2022-C-001786,CERTIFIED,05/18/2023
2022-C-001787,CERTIFIED,05/18/2023
2022-C-001788,CERTIFIED,05/18/2023
2022-C-001789,REDEEMED,
2022-C-001790,REDEEMED,
2022-C-001791,REDEEMED,
2022-C-001792,REDEEMED,
2022-C-001793,REDEEMED,
2022-C-001794,CERTIFIED,05/18/2023
2022-C-001795,CERTIFIED,05/18/2023
2022-C-001796,CERTIFIED,05/18/2023
2022-C-001797,REDEEMED,
2022-C-001798,CERTIFIED,05/18/2023
2022-C-001799,CERTIFIED,05/18/2023
2022-C-001800,CERTIFIED,05/18/2023
2022-C-001801,REDEEMED,
2022-C-001802,REDEEMED,
2022-C-001803,CERTIFIED,05/18/2023
2022-C-001804,CERTIFIED,05/18/2023
2022-C-001805,REDEEMED,
2022-C-001806,REDEEMED,
2022-C-001807,REDEEMED,
2022-C-001808,CERTIFIED,05/18/2023
2022-C-001809,CERTIFIED,05/18/2023
2022-C-001810,REDEEMED,
2022-C-001811,REDEEMED,
2022-C-001812,REDEEMED,
2022-C-001813,REDEEMED,
2022-C-001814,CERTIFIED,05/18/2023
2022-C-001815,REDEEMED,
2022-C-001816,CERTIFIED,05/18/2023
2022-C-001817,CERTIFIED,05/18/2023
2022-C-001818,CERTIFIED,05/18/2023
2022-C-001819,CERTIFIED,05/18/2023
2022-C-001820,REDEEMED,
2022-C-001821,REDEEMED,
2022-C-001822,REDEEMED,
2022-C-001823,REDEEMED,
2022-C-001824,CERTIFIED,05/18/2023
2022-C-001825,REDEEMED,
2022-C-001826,CERTIFIED,05/18/2023
2022-C-001827,CERTIFIED,05/18/2023
2022-C-001828,CERTIFIED,05/18/2023
2022-C-001829,CERTIFIED,05/18/2023
2022-C-001830,REDEEMED,
2022-C-001831,CERTIFIED,05/18/2023
2022-C-001832,REDEEMED,
2022-C-001833,REDEEMED,
2022-C-001834,REDEEMED,
2022-C-001835,CERTIFIED,05/18/2023
2022-C-001836,CERTIFIED,05/18/2023
2022-C-001837,CERTIFIED,05/18/2023
2022-C-001838,CERTIFIED,05/18/2023
2022-C-001839,REDEEMED,
2022-C-001840,CERTIFIED,05/18/2023
2022-C-001841,CERTIFIED,05/18/2023
2022-C-001842,CERTIFIED,05/18/2023
2022-C-001843,CERTIFIED,05/18/2023
2022-C-001844,REDEEMED,
2022-C-001845,CERTIFIED,05/18/2023
2022-C-001846,CERTIFIED,05/18/2023
2022-C-001847,CERTIFIED,05/18/2023
2022-C-001848,REDEEMED,
2022-C-001849,CERTIFIED,05/18/2023
2022-C-001850,CERTIFIED,05/18/2023
2022-C-001851,REDEEMED,
2022-C-001852,CERTIFIED,05/18/2023
2022-C-001853,CERTIFIED,05/18/2023
2022-C-001854,CERTIFIED,05/18/2023
2022-C-001855,CERTIFIED,05/18/2023
2022-C-001856,CERTIFIED,05/18/2023
2022-C-001857,CERTIFIED,05/18/2023
2022-C-001858,CERTIFIED,05/18/2023
2022-C-001859,REDEEMED,
2022-C-001860,CERTIFIED,05/18/2023
2022-C-001861,REDEEMED,
2022-C-001862,REDEEMED,
2022-C-001863,CERTIFIED,05/18/2023
2022-C-001864,REDEEMED,
2022-C-001865,REDEEMED,
2022-C-001866,CERTIFIED,05/18/2023
2022-C-001867,REDEEMED,
2022-C-001868,REDEEMED,
2022-C-001869,CERTIFIED,05/18/2023
2022-C-001870,CERTIFIED,05/18/2023
2022-C-001871,REDEEMED,
2022-C-001872,REDEEMED,
2022-C-001873,CERTIFIED,05/18/2023
2022-C-001874,REDEEMED,
2022-C-001875,REDEEMED,
2022-C-001876,CERTIFIED,05/18/2023
2022-C-001877,CERTIFIED,05/18/2023
2022-C-001878,CERTIFIED,05/18/2023
2022-C-001879,CERTIFIED,05/18/2023
2022-C-001880,CERTIFIED,05/18/2023
2022-C-001881,CERTIFIED,05/18/2023
2022-C-001882,CERTIFIED,05/18/2023
2022-C-001883,REDEEMED,
2022-C-001884,REDEEMED,
2022-C-001885,REDEEMED,
2022-C-001886,CERTIFIED,05/18/2023
2022-C-001887,REDEEMED,
2022-C-001888,CERTIFIED,05/18/2023
2022-C-001889,CERTIFIED,05/18/2023
2022-C-001890,CERTIFIED,05/18/2023
2022-C-001891,CERTIFIED,05/18/2023
2022-C-001892,CERTIFIED,05/18/2023
2022-C-001893,CERTIFIED,05/18/2023
2022-C-001894,CERTIFIED,05/18/2023
2022-C-001895,CERTIFIED,05/18/2023
2022-C-001896,CERTIFIED,05/18/2023
2022-C-001897,REDEEMED,
2022-C-001898,REDEEMED,
2022-C-001899,CERTIFIED,05/18/2023
2022-C-001900,CERTIFIED,05/18/2023
2022-C-001901,CERTIFIED,05/18/2023
2022-C-001902,CERTIFIED,05/18/2023
2022-C-001903,CERTIFIED,05/18/2023
2022-C-001904,REDEEMED,
2022-C-001905,REDEEMED,
2022-C-001906,CERTIFIED,05/18/2023
2022-C-001907,CERTIFIED,05/18/2023
2022-C-001908,CERTIFIED,05/18/2023
2022-C-001909,CERTIFIED,05/18/2023
2022-C-001910,REDEEMED,
2022-C-001911,CERTIFIED,05/18/2023
2022-C-001912,REDEEMED,
2022-C-001913,REDEEMED,
2022-C-001914,REDEEMED,
2022-C-001915,CERTIFIED,05/18/2023
2022-C-001916,REDEEMED,
2022-C-001917,CERTIFIED,05/18/2023
2022-C-001918,REDEEMED,
2022-C-001919,REDEEMED,
2022-C-001920,REDEEMED,
2022-C-001921,REDEEMED,
2022-C-001922,REDEEMED,
2022-C-001923,REDEEMED,
2022-C-001924,REDEEMED,
2022-C-001925,CERTIFIED,05/18/2023
2022-C-001926,CERTIFIED,05/18/2023
2022-C-001927,CERTIFIED,05/18/2023
2022-C-001928,CERTIFIED,05/18/2023
2022-C-001929,CERTIFIED,05/18/2023
2022-C-001930,REDEEMED,
2022-C-001931,CERTIFIED,05/18/2023
2022-C-001932,REDEEMED,
2022-C-001933,CERTIFIED,05/18/2023
2022-C-001934,REDEEMED,
2022-C-001935,CERTIFIED,05/18/2023
2022-C-001936,REDEEMED,
2022-C-001937,CERTIFIED,05/18/2023
2022-C-001938,REDEEMED,
2022-C-001939,CERTIFIED,05/18/2023
2022-C-001940,CERTIFIED,05/18/2023
2022-C-001941,CERTIFIED,05/18/2023
2022-C-001942,CERTIFIED,05/18/2023
2022-C-001943,CERTIFIED,05/18/2023
2022-C-001944,CERTIFIED,05/18/2023
2022-C-001945,REDEEMED,
2022-C-001946,REDEEMED,
2022-C-001947,CERTIFIED,05/18/2023
2022-C-001948,CERTIFIED,05/18/2023
2022-C-001949,CERTIFIED,05/18/2023
2022-C-001950,REDEEMED,
2022-C-001951,CERTIFIED,05/18/2023
2022-C-001952,REDEEMED,
2022-C-001953,REDEEMED,
2022-C-001954,CERTIFIED,05/18/2023
2022-C-001955,CERTIFIED,05/18/2023
2022-C-001956,REDEEMED,
2022-C-001957,CERTIFIED,05/18/2023
2022-C-001958,CERTIFIED,05/18/2023
2022-C-001959,CERTIFIED,05/18/2023
2022-C-001960,REDEEMED,
2022-C-001961,REDEEMED,
2022-C-001962,CERTIFIED,05/18/2023
2022-C-001963,REDEEMED,
2022-C-001964,REDEEMED,
2022-C-001965,REDEEMED,
2022-C-001966,REDEEMED,
2022-C-001967,CERTIFIED,05/18/2023
2022-C-001968,CERTIFIED,05/18/2023
2022-C-001969,CERTIFIED,05/18/2023
2022-C-001970,CERTIFIED,05/18/2023
2022-C-001971,CERTIFIED,05/18/2023
2022-C-001972,REDEEMED,
2022-C-001973,CERTIFIED,05/18/2023
2022-C-001974,REDEEMED,
2022-C-001975,CERTIFIED,05/18/2023
2022-C-001976,CERTIFIED,05/18/2023
2022-C-001977,REDEEMED,
2022-C-001978,CERTIFIED,05/18/2023
2022-C-001979,CERTIFIED,05/18/2023
2022-C-001980,CERTIFIED,05/18/2023
2022-C-001981,CERTIFIED,05/18/2023
2022-C-001982,CERTIFIED,05/18/2023
2022-C-001983,CERTIFIED,05/18/2023
2022-C-001984,CERTIFIED,05/18/2023
2022-C-001985,CERTIFIED,05/18/2023
2022-C-001986,CERTIFIED,05/18/2023
2022-C-001987,REDEEMED,
2022-C-001988,CERTIFIED,05/18/2023
2022-C-001989,CERTIFIED,05/18/2023
2022-C-001990,CERTIFIED,05/18/2023
2022-C-001991,CERTIFIED,05/18/2023
2022-C-001992,CERTIFIED,05/18/2023
2022-C-001993,CERTIFIED,05/18/2023
2022-C-001994,CERTIFIED,05/18/2023
2022-C-001995,REDEEMED,
2022-C-001996,CERTIFIED,05/18/2023
2022-C-001997,CERTIFIED,05/18/2023
2022-C-001998,CERTIFIED,05/18/2023
2022-C-001999,CERTIFIED,05/18/2023
2022-C-002000,CERTIFIED,05/18/2023
2022-C-002001,CERTIFIED,05/18/2023
2022-C-002002,CERTIFIED,05/18/2023
2022-C-002003,REDEEMED,
2022-C-002004,CERTIFIED,05/18/2023
2022-C-002005,CERTIFIED,05/18/2023
2022-C-002006,REDEEMED,
2022-C-002007,REDEEMED,
2022-C-002008,REDEEMED,
2022-C-002009,CERTIFIED,05/18/2023
2022-C-002010,REDEEMED,
2022-C-002011,REDEEMED,
2022-C-002012,REDEEMED,
2022-C-002013,REDEEMED,
2022-C-002014,REDEEMED,
2022-C-002015,REDEEMED,
2022-C-002016,CERTIFIED,05/18/2023
2022-C-002017,REDEEMED,
2022-C-002018,CERTIFIED,05/18/2023
2022-C-002019,CERTIFIED,05/18/2023
2022-C-002020,CERTIFIED,05/18/2023
2022-C-002021,CERTIFIED,05/18/2023
2022-C-002022,CERTIFIED,05/18/2023
2022-C-002023,CERTIFIED,05/18/2023
2022-C-002024,REDEEMED,
2022-C-002025,CERTIFIED,05/18/2023
2022-C-002026,CERTIFIED,05/18/2023
2022-C-002027,CERTIFIED,05/18/2023
2022-C-002028,CERTIFIED,05/18/2023
2022-C-002029,REDEEMED,
2022-C-002030,REDEEMED,
2022-C-002031,REDEEMED,
2022-C-002032,REDEEMED,
2022-C-002033,REDEEMED,
2022-C-002034,CERTIFIED,05/18/2023
2022-C-002035,CERTIFIED,05/18/2023
2022-C-002036,CERTIFIED,05/18/2023
2022-C-002037,CERTIFIED,05/18/2023
2022-C-002038,CERTIFIED,05/18/2023
2022-C-002039,CERTIFIED,05/18/2023
2022-C-002040,CERTIFIED,05/18/2023
2022-C-002041,CERTIFIED,05/18/2023
2022-C-002042,CERTIFIED,05/18/2023
2022-C-002043,REDEEMED,
2022-C-002044,REDEEMED,
2022-C-002045,CERTIFIED,05/18/2023
2022-C-002046,REDEEMED,
2022-C-002047,CERTIFIED,05/18/2023
2022-C-002048,CERTIFIED,05/18/2023
2022-C-002049,CERTIFIED,05/18/2023
2022-C-002050,REDEEMED,
2022-C-002051,CERTIFIED,05/18/2023
2022-C-002052,REDEEMED,
2022-C-002053,REDEEMED,
2022-C-002054,CERTIFIED,05/18/2023
2022-C-002055,REDEEMED,
2022-C-002056,REDEEMED,
2022-C-002057,REDEEMED,
2022-C-002058,REDEEMED,
2022-C-002059,CERTIFIED,05/18/2023
2022-C-002060,CERTIFIED,05/18/2023
2022-C-002061,CERTIFIED,05/18/2023
2022-C-002062,CERTIFIED,05/18/2023
2022-C-002063,CERTIFIED,05/18/2023
2022-C-002064,CERTIFIED,05/18/2023
2022-C-002065,REDEEMED,
2022-C-002066,REDEEMED,
2022-C-002067,CERTIFIED,05/18/2023
2022-C-002068,REDEEMED,
2022-C-002069,CERTIFIED,05/18/2023
2022-C-002070,CERTIFIED,05/18/2023
2022-C-002071,REDEEMED,
2022-C-002072,CERTIFIED,05/18/2023
2022-C-002073,REDEEMED,
2022-C-002074,CERTIFIED,05/18/2023
2022-C-002075,REDEEMED,
2022-C-002076,REDEEMED,
2022-C-002077,REDEEMED,
2022-C-002078,REDEEMED,
2022-C-002079,CERTIFIED,05/18/2023
2022-C-002080,REDEEMED,
2022-C-002081,CERTIFIED,05/18/2023
2022-C-002082,CERTIFIED,05/18/2023
2022-C-002083,CERTIFIED,05/18/2023
2022-C-002084,REDEEMED,
2022-C-002085,CERTIFIED,05/18/2023
2022-C-002086,REDEEMED,
2022-C-002087,CERTIFIED,05/18/2023
2022-C-002088,CERTIFIED,05/18/2023
2022-C-002089,CERTIFIED,05/18/2023
2022-C-002090,REDEEMED,
2022-C-002091,CERTIFIED,05/18/2023
2022-C-002092,REDEEMED,
2022-C-002093,REDEEMED,
2022-C-002094,CERTIFIED,05/18/2023
2022-C-002095,CERTIFIED,05/18/2023
2022-C-002096,REDEEMED,
2022-C-002097,REDEEMED,
2022-C-002098,CERTIFIED,05/18/2023
2022-C-002099,CERTIFIED,05/18/2023
2022-C-002100,CERTIFIED,05/18/2023
2022-C-002101,CERTIFIED,05/18/2023
2022-C-002102,CERTIFIED,05/18/2023
2022-C-002103,CERTIFIED,05/18/2023
2022-C-002104,CERTIFIED,05/18/2023
2022-C-002105,CERTIFIED,05/18/2023
2022-C-002106,CERTIFIED,05/18/2023
2022-C-002107,CERTIFIED,05/18/2023
2022-C-002108,CERTIFIED,05/18/2023
2022-C-002109,CERTIFIED,05/18/2023
2022-C-002110,CERTIFIED,05/18/2023
2022-C-002111,CERTIFIED,05/18/2023
2022-C-002112,CERTIFIED,05/18/2023
2022-C-002113,CERTIFIED,05/18/2023
2022-C-002114,CERTIFIED,05/18/2023
2022-C-002115,CERTIFIED,05/18/2023
2022-C-002116,REDEEMED,
2022-C-002117,CERTIFIED,05/18/2023
2022-C-002118,CERTIFIED,05/18/2023
2022-C-002119,CERTIFIED,05/18/2023
2022-C-002120,CERTIFIED,05/18/2023
2022-C-002121,REDEEMED,
2022-C-002122,CERTIFIED,05/18/2023
2022-C-002123,REDEEMED,
2022-C-002124,REDEEMED,
2022-C-002125,REDEEMED,
2022-C-002126,CERTIFIED,05/18/2023
2022-C-002127,REDEEMED,
2022-C-002128,REDEEMED,
2022-C-002129,REDEEMED,
2022-C-002130,REDEEMED,
2022-C-002131,REDEEMED,
2022-C-002132,REDEEMED,
2022-C-002133,CERTIFIED,05/18/2023
2022-C-002134,REDEEMED,
2022-C-002135,REDEEMED,
2022-C-002136,REDEEMED,
2022-C-002137,REDEEMED,
2022-C-002138,REDEEMED,
2022-C-002139,REDEEMED,
2022-C-002140,CERTIFIED,05/18/2023
2022-C-002141,CERTIFIED,05/18/2023
2022-C-002142,CERTIFIED,05/18/2023
2022-C-002143,CERTIFIED,05/18/2023
2022-C-002144,CERTIFIED,05/18/2023
2022-C-002145,REDEEMED,
2022-C-002146,REDEEMED,
2022-C-002147,CERTIFIED,05/18/2023
2022-C-002148,CERTIFIED,05/18/2023
2022-C-002149,REDEEMED,
2022-C-002150,CERTIFIED,05/18/2023
2022-C-002151,CERTIFIED,05/18/2023
2022-C-002152,CERTIFIED,05/18/2023
2022-C-002153,CERTIFIED,05/18/2023
2022-C-002154,REDEEMED,
2022-C-002155,REDEEMED,
2022-C-002156,CERTIFIED,05/18/2023
2022-C-002157,REDEEMED,
2022-C-002158,REDEEMED,
2022-C-002159,CERTIFIED,05/18/2023
2022-C-002160,CERTIFIED,05/18/2023
2022-C-002161,CERTIFIED,05/18/2023
2022-C-002162,CERTIFIED,05/18/2023
2022-C-002163,CERTIFIED,05/18/2023
2022-C-002164,CERTIFIED,05/18/2023
2022-C-002165,REDEEMED,
2022-C-002166,REDEEMED,
2022-C-002167,REDEEMED,
2022-C-002168,CERTIFIED,05/18/2023
2022-C-002169,CERTIFIED,05/18/2023
2022-C-002170,CERTIFIED,05/18/2023
2022-C-002171,CERTIFIED,05/18/2023
2022-C-002172,REDEEMED,
2022-C-002173,CERTIFIED,05/18/2023
2022-C-002174,CERTIFIED,05/18/2023
2022-C-002175,CERTIFIED,05/18/2023
2022-C-002176,REDEEMED,
2022-C-002177,REDEEMED,
2022-C-002178,REDEEMED,
2022-C-002179,REDEEMED,
2022-C-002180,REDEEMED,
2022-C-002181,REDEEMED,
2022-C-002182,CERTIFIED,05/18/2023
2022-C-002183,CERTIFIED,05/18/2023
2022-C-002184,CERTIFIED,05/18/2023
2022-C-002185,CERTIFIED,05/18/2023
2022-C-002186,REDEEMED,
2022-C-002187,CERTIFIED,05/18/2023
2022-C-002188,CERTIFIED,05/18/2023
2022-C-002189,CERTIFIED,05/18/2023
2022-C-002190,CERTIFIED,05/18/2023
2022-C-002191,CERTIFIED,05/18/2023
2022-C-002192,CERTIFIED,05/18/2023
2022-C-002193,REDEEMED,
2022-C-002194,CERTIFIED,05/18/2023
2022-C-002195,CERTIFIED,05/18/2023
2022-C-002196,CERTIFIED,05/18/2023
2022-C-002197,CERTIFIED,05/18/2023
2022-C-002198,CERTIFIED,05/18/2023
2022-C-002199,REDEEMED,
2022-C-002200,REDEEMED,
2022-C-002201,REDEEMED,
2022-C-002202,REDEEMED,
2022-C-002203,CERTIFIED,05/18/2023
2022-C-002204,CERTIFIED,05/18/2023
2022-C-002205,CERTIFIED,05/18/2023
2022-C-002206,CERTIFIED,05/18/2023
2022-C-002207,CERTIFIED,05/18/2023
2022-C-002208,CERTIFIED,05/18/2023
2022-C-002209,CERTIFIED,05/18/2023
2022-C-002210,CERTIFIED,05/18/2023
2022-C-002211,CERTIFIED,05/18/2023
2022-C-002212,REDEEMED,
2022-C-002213,CERTIFIED,05/18/2023
2022-C-002214,CERTIFIED,05/18/2023
2022-C-002215,CERTIFIED,05/18/2023
2022-C-002216,CERTIFIED,05/18/2023
2022-C-002217,CERTIFIED,05/18/2023
2022-C-002218,CERTIFIED,05/18/2023
2022-C-002219,CERTIFIED,05/18/2023
2022-C-002220,CERTIFIED,05/18/2023
2022-C-002221,REDEEMED,
2022-C-002222,CERTIFIED,05/18/2023
2022-C-002223,CERTIFIED,05/18/2023
2022-C-002224,CERTIFIED,05/18/2023
2022-C-002225,CERTIFIED,05/18/2023
2022-C-002226,CERTIFIED,05/18/2023
2022-C-002227,CERTIFIED,05/18/2023
2022-C-002228,CERTIFIED,05/18/2023
2022-C-002229,CERTIFIED,05/18/2023
2022-C-002230,CERTIFIED,05/18/2023
2022-C-002231,CERTIFIED,05/18/2023
2022-C-002232,CERTIFIED,05/18/2023
2022-C-002233,CERTIFIED,05/18/2023
2022-C-002234,CERTIFIED,05/18/2023
2022-C-002235,CERTIFIED,05/18/2023
2022-C-002236,CERTIFIED,05/18/2023
2022-C-002237,CERTIFIED,05/18/2023
2022-C-002238,CERTIFIED,05/18/2023
2022-C-002239,CERTIFIED,05/18/2023
2022-C-002240,CERTIFIED,05/18/2023
2022-C-002241,CERTIFIED,05/18/2023
2022-C-002242,CERTIFIED,05/18/2023
2022-C-002243,CERTIFIED,05/18/2023
2022-C-002244,CERTIFIED,05/18/2023
2022-C-002245,REDEEMED,
2022-C-002246,CERTIFIED,05/18/2023
2022-C-002247,CERTIFIED,05/18/2023
2022-C-002248,CERTIFIED,05/18/2023
2022-C-002249,CERTIFIED,05/18/2023
2022-C-002250,CERTIFIED,05/18/2023
